{
  "MMSI": 211692440,
  "TIME": "2022-06-02 12:53:29 GMT",
  "LONGITUDE": 19.35994,
  "LATITUDE": 59.73894,
  "COG": 3.9,
  "SOG": 4.6,
  "HEADING": 7,
  "ROT": 128,
  "NAVSTAT": 15,
  "IMO": 0,
  "NAME": "LILLE OE",
  "CALLSIGN": "DH8613",
  "TYPE": 36,
  "A": 9,
  "B": 1,
  "C": 2,
  "D": 2,
  "DRAUGHT": 0,
  "DEST": "",
  "ETA": "00-00 00:00"
}