{
  "MMSI": 211692440,
  "TIME": "2022-09-14 20:17:14 GMT",
  "LONGITUDE": 14.62611,
  "LATITUDE": 53.39752,
  "COG": 348,
  "SOG": 0,
  "HEADING": 96,
  "ROT": 128,
  "NAVSTAT": 15,
  "IMO": 0,
  "NAME": "LILLE OE",
  "CALLSIGN": "DH8613",
  "TYPE": 36,
  "A": 9,
  "B": 1,
  "C": 2,
  "D": 2,
  "DRAUGHT": 0,
  "DEST": "",
  "ETA": "00-00 00:00"
}