{
  "MMSI": 211692440,
  "TIME": "2022-12-30 20:10:49 GMT",
  "LONGITUDE": 13.19364,
  "LATITUDE": 52.51102,
  "COG": 101.6,
  "SOG": 0,
  "HEADING": 3,
  "ROT": 128,
  "NAVSTAT": 15,
  "IMO": 0,
  "NAME": "LILLE OE",
  "CALLSIGN": "DH8613",
  "TYPE": 36,
  "A": 9,
  "B": 1,
  "C": 2,
  "D": 2,
  "DRAUGHT": 0,
  "DEST": "",
  "ETA": "00-00 00:00"
}