{
  "MMSI": 211692440,
  "TIME": "2022-09-10 08:19:27 GMT",
  "LONGITUDE": 16.22532,
  "LATITUDE": 56.42364,
  "COG": 203.3,
  "SOG": 1.6,
  "HEADING": 199,
  "ROT": 128,
  "NAVSTAT": 15,
  "IMO": 0,
  "NAME": "LILLE OE",
  "CALLSIGN": "DH8613",
  "TYPE": 36,
  "A": 7,
  "B": 3,
  "C": 2,
  "D": 1,
  "DRAUGHT": 0,
  "DEST": "",
  "ETA": "00-00 00:00"
}