{
  "MMSI": 211692440,
  "TIME": "2023-09-19 12:08:34 GMT",
  "LONGITUDE": 13.26116,
  "LATITUDE": 52.74994,
  "COG": 49.2,
  "SOG": 0,
  "HEADING": 246,
  "ROT": 0,
  "NAVSTAT": 0,
  "IMO": 0,
  "NAME": "LILLE OE",
  "CALLSIGN": "DH8613",
  "TYPE": 36,
  "A": 9,
  "B": 1,
  "C": 2,
  "D": 2,
  "DRAUGHT": 0,
  "DEST": "",
  "ETA": "00-00 00:00"
}