{
  "MMSI": 211692440,
  "TIME": "2023-09-26 18:00:47 GMT",
  "LONGITUDE": 13.20046,
  "LATITUDE": 52.49853,
  "COG": 215.2,
  "SOG": 0,
  "HEADING": 354,
  "ROT": 0,
  "NAVSTAT": 0,
  "IMO": 0,
  "NAME": "LILLE OE",
  "CALLSIGN": "DH8613",
  "TYPE": 36,
  "A": 7,
  "B": 3,
  "C": 2,
  "D": 1,
  "DRAUGHT": 0,
  "DEST": "",
  "ETA": "00-00 00:00"
}