{
  "MMSI": 211692440,
  "TIME": "2026-07-10 19:09:07 GMT",
  "LONGITUDE": -145.57205,
  "LATITUDE": -16.27506,
  "COG": 346.2,
  "SOG": 5,
  "HEADING": 356,
  "ROT": 128,
  "PAC": 0,
  "NAVSTAT": 15,
  "IMO": 0,
  "NAME": "LILLE OE",
  "CALLSIGN": "DH8613",
  "TYPE": 36,
  "A": 9,
  "B": 0,
  "C": 2,
  "D": 2,
  "DRAUGHT": 0,
  "DEST": "",
  "ETA": "00-00 00:00"
}