{
  "MMSI": 211692440,
  "TIME": "2023-04-28 18:00:31 GMT",
  "LONGITUDE": 15.51613,
  "LATITUDE": 55.90965,
  "COG": 79.4,
  "SOG": 2.8,
  "HEADING": 84,
  "ROT": 128,
  "NAVSTAT": 15,
  "IMO": 0,
  "NAME": "LILLE OE",
  "CALLSIGN": "DH8613",
  "TYPE": 36,
  "A": 7,
  "B": 3,
  "C": 2,
  "D": 1,
  "DRAUGHT": 0,
  "DEST": "",
  "ETA": "00-00 00:00"
}