{
  "MMSI": 211692440,
  "TIME": "2022-05-01 02:23:47 GMT",
  "LONGITUDE": 14.97472,
  "LATITUDE": 56.12163,
  "COG": 360,
  "SOG": 0,
  "HEADING": 88,
  "ROT": 128,
  "NAVSTAT": 15,
  "IMO": 0,
  "NAME": "LILLE OE",
  "CALLSIGN": "DH8613",
  "TYPE": 36,
  "A": 9,
  "B": 1,
  "C": 2,
  "D": 2,
  "DRAUGHT": 0,
  "DEST": "",
  "ETA": "00-00 00:00"
}