{
  "MMSI": 211692440,
  "TIME": "2023-09-19 06:06:39 GMT",
  "LONGITUDE": 13.59572,
  "LATITUDE": 52.85017,
  "COG": 263.2,
  "SOG": 4.8,
  "HEADING": 263,
  "ROT": 0,
  "NAVSTAT": 0,
  "IMO": 0,
  "NAME": "LILLE OE",
  "CALLSIGN": "DH8613",
  "TYPE": 36,
  "A": 9,
  "B": 1,
  "C": 2,
  "D": 2,
  "DRAUGHT": 0,
  "DEST": "",
  "ETA": "00-00 00:00"
}