{
  "MMSI": 211692440,
  "TIME": "2022-05-17 12:47:41 GMT",
  "LONGITUDE": 16.57882,
  "LATITUDE": 57.32259,
  "COG": 360,
  "SOG": 0,
  "HEADING": 140,
  "ROT": 128,
  "NAVSTAT": 15,
  "IMO": 0,
  "NAME": "LILLE OE",
  "CALLSIGN": "DH8613",
  "TYPE": 36,
  "A": 7,
  "B": 3,
  "C": 2,
  "D": 1,
  "DRAUGHT": 0,
  "DEST": "",
  "ETA": "00-00 00:00"
}