{
  "MMSI": 211692440,
  "TIME": "2023-04-15 04:15:17 GMT",
  "LONGITUDE": 14.27304,
  "LATITUDE": 53.94542,
  "COG": 12.8,
  "SOG": 3.7,
  "HEADING": 2,
  "ROT": 128,
  "NAVSTAT": 15,
  "IMO": 0,
  "NAME": "LILLE OE",
  "CALLSIGN": "DH8613",
  "TYPE": 36,
  "A": 9,
  "B": 1,
  "C": 2,
  "D": 2,
  "DRAUGHT": 0,
  "DEST": "",
  "ETA": "00-00 00:00"
}