{
  "MMSI": 211692440,
  "TIME": "2022-12-19 08:15:42 GMT",
  "LONGITUDE": 13.19365,
  "LATITUDE": 52.51101,
  "COG": 78.2,
  "SOG": 0,
  "HEADING": 10,
  "ROT": 128,
  "NAVSTAT": 15,
  "IMO": 0,
  "NAME": "LILLE OE",
  "CALLSIGN": "DH8613",
  "TYPE": 36,
  "A": 7,
  "B": 3,
  "C": 2,
  "D": 1,
  "DRAUGHT": 0,
  "DEST": "",
  "ETA": "00-00 00:00"
}