{
  "MMSI": 211692440,
  "TIME": "2022-06-12 12:37:08 GMT",
  "LONGITUDE": 22.20149,
  "LATITUDE": 60.17488,
  "COG": 241.5,
  "SOG": 0,
  "HEADING": 168,
  "ROT": 128,
  "NAVSTAT": 15,
  "IMO": 0,
  "NAME": "LILLE OE",
  "CALLSIGN": "DH8613",
  "TYPE": 36,
  "A": 9,
  "B": 1,
  "C": 2,
  "D": 2,
  "DRAUGHT": 0,
  "DEST": "",
  "ETA": "00-00 00:00"
}