{
  "MMSI": 211692440,
  "TIME": "2022-08-26 08:18:52 GMT",
  "LONGITUDE": 18.09261,
  "LATITUDE": 59.32638,
  "COG": 195.5,
  "SOG": 0,
  "HEADING": 209,
  "ROT": 128,
  "NAVSTAT": 15,
  "IMO": 0,
  "NAME": "LILLE OE",
  "CALLSIGN": "DH8613",
  "TYPE": 36,
  "A": 7,
  "B": 3,
  "C": 2,
  "D": 1,
  "DRAUGHT": 0,
  "DEST": "",
  "ETA": "00-00 00:00"
}