{
  "MMSI": 211692440,
  "TIME": "2022-07-14 12:48:25 GMT",
  "LONGITUDE": 23.57173,
  "LATITUDE": 59.83122,
  "COG": 139.9,
  "SOG": 0,
  "HEADING": 270,
  "ROT": 128,
  "NAVSTAT": 15,
  "IMO": 0,
  "NAME": "LILLE OE",
  "CALLSIGN": "DH8613",
  "TYPE": 36,
  "A": 9,
  "B": 1,
  "C": 2,
  "D": 2,
  "DRAUGHT": 0,
  "DEST": "",
  "ETA": "00-00 00:00"
}