{
  "MMSI": 211692440,
  "TIME": "2023-11-07 12:07:30 GMT",
  "LONGITUDE": 13.19371,
  "LATITUDE": 52.51102,
  "COG": 116.2,
  "SOG": 0,
  "HEADING": 17,
  "ROT": 0,
  "NAVSTAT": 0,
  "IMO": 0,
  "NAME": "LILLE OE",
  "CALLSIGN": "DH8613",
  "TYPE": 36,
  "A": 9,
  "B": 1,
  "C": 2,
  "D": 2,
  "DRAUGHT": 0,
  "DEST": "",
  "ETA": "00-00 00:00"
}