{
  "MMSI": 211692440,
  "TIME": "2022-09-20 20:17:16 GMT",
  "LONGITUDE": 13.19416,
  "LATITUDE": 52.51173,
  "COG": 170.1,
  "SOG": 0,
  "HEADING": 1,
  "ROT": 128,
  "NAVSTAT": 15,
  "IMO": 0,
  "NAME": "LILLE OE",
  "CALLSIGN": "DH8613",
  "TYPE": 36,
  "A": 9,
  "B": 1,
  "C": 2,
  "D": 2,
  "DRAUGHT": 0,
  "DEST": "",
  "ETA": "00-00 00:00"
}