{
  "MMSI": 211692440,
  "TIME": "2023-06-08 17:58:19 GMT",
  "LONGITUDE": 23.11554,
  "LATITUDE": 63.86351,
  "COG": 360,
  "SOG": 0.2,
  "HEADING": 180,
  "ROT": 128,
  "NAVSTAT": 15,
  "IMO": 0,
  "NAME": "LILLE OE",
  "CALLSIGN": "DH8613",
  "TYPE": 36,
  "A": 9,
  "B": 1,
  "C": 2,
  "D": 2,
  "DRAUGHT": 0,
  "DEST": "",
  "ETA": "00-00 00:00"
}