{
  "MMSI": 211692440,
  "TIME": "2022-08-28 04:52:29 GMT",
  "LONGITUDE": 18.42052,
  "LATITUDE": 59.43477,
  "COG": 139.2,
  "SOG": 0,
  "HEADING": 177,
  "ROT": 128,
  "NAVSTAT": 15,
  "IMO": 0,
  "NAME": "LILLE OE",
  "CALLSIGN": "DH8613",
  "TYPE": 36,
  "A": 9,
  "B": 1,
  "C": 2,
  "D": 2,
  "DRAUGHT": 0,
  "DEST": "",
  "ETA": "00-00 00:00"
}