{
  "MMSI": 211692440,
  "TIME": "2023-09-15 12:08:30 GMT",
  "LONGITUDE": 14.54434,
  "LATITUDE": 53.65484,
  "COG": 141.4,
  "SOG": 4.4,
  "HEADING": 455,
  "ROT": 0,
  "NAVSTAT": 0,
  "IMO": 0,
  "NAME": "LILLE OE",
  "CALLSIGN": "DH8613",
  "TYPE": 36,
  "A": 9,
  "B": 1,
  "C": 2,
  "D": 2,
  "DRAUGHT": 0,
  "DEST": "",
  "ETA": "00-00 00:00"
}