{
  "MMSI": 211692440,
  "TIME": "2022-11-30 01:06:40 GMT",
  "LONGITUDE": 13.19331,
  "LATITUDE": 52.51118,
  "COG": 54.8,
  "SOG": 0,
  "HEADING": 101,
  "ROT": 128,
  "NAVSTAT": 15,
  "IMO": 0,
  "NAME": "LILLE OE",
  "CALLSIGN": "DH8613",
  "TYPE": 36,
  "A": 7,
  "B": 3,
  "C": 2,
  "D": 1,
  "DRAUGHT": 0,
  "DEST": "",
  "ETA": "00-00 00:00"
}