{
  "MMSI": 211692440,
  "TIME": "2022-07-12 06:31:20 GMT",
  "LONGITUDE": 24.76061,
  "LATITUDE": 59.44311,
  "COG": 163.3,
  "SOG": 0,
  "HEADING": 73,
  "ROT": 128,
  "NAVSTAT": 15,
  "IMO": 0,
  "NAME": "LILLE OE",
  "CALLSIGN": "DH8613",
  "TYPE": 36,
  "A": 7,
  "B": 3,
  "C": 2,
  "D": 1,
  "DRAUGHT": 0,
  "DEST": "",
  "ETA": "00-00 00:00"
}