{
  "MMSI": 211692440,
  "TIME": "2023-01-16 08:16:16 GMT",
  "LONGITUDE": 13.18191,
  "LATITUDE": 52.46372,
  "COG": 22.1,
  "SOG": 3.9,
  "HEADING": 21,
  "ROT": 128,
  "NAVSTAT": 15,
  "IMO": 0,
  "NAME": "LILLE OE",
  "CALLSIGN": "DH8613",
  "TYPE": 36,
  "A": 7,
  "B": 3,
  "C": 2,
  "D": 1,
  "DRAUGHT": 0,
  "DEST": "",
  "ETA": "00-00 00:00"
}