{
  "MMSI": 211692440,
  "TIME": "2023-04-08 08:14:41 GMT",
  "LONGITUDE": 13.20097,
  "LATITUDE": 52.50637,
  "COG": 22.4,
  "SOG": 4.6,
  "HEADING": 21,
  "ROT": 128,
  "NAVSTAT": 15,
  "IMO": 0,
  "NAME": "LILLE OE",
  "CALLSIGN": "DH8613",
  "TYPE": 36,
  "A": 7,
  "B": 3,
  "C": 2,
  "D": 1,
  "DRAUGHT": 0,
  "DEST": "",
  "ETA": "00-00 00:00"
}