{
  "MMSI": 211692440,
  "TIME": "2022-06-28 18:32:48 GMT",
  "LONGITUDE": 23.91468,
  "LATITUDE": 59.97795,
  "COG": 166.4,
  "SOG": 0,
  "HEADING": 18,
  "ROT": 128,
  "NAVSTAT": 15,
  "IMO": 0,
  "NAME": "LILLE OE",
  "CALLSIGN": "DH8613",
  "TYPE": 36,
  "A": 9,
  "B": 1,
  "C": 2,
  "D": 2,
  "DRAUGHT": 0,
  "DEST": "",
  "ETA": "00-00 00:00"
}