{
  "MMSI": 211692440,
  "TIME": "2022-08-20 20:14:02 GMT",
  "LONGITUDE": 19.13278,
  "LATITUDE": 59.75226,
  "COG": 71.6,
  "SOG": 0,
  "HEADING": 170,
  "ROT": 128,
  "NAVSTAT": 15,
  "IMO": 0,
  "NAME": "LILLE OE",
  "CALLSIGN": "DH8613",
  "TYPE": 36,
  "A": 9,
  "B": 1,
  "C": 2,
  "D": 2,
  "DRAUGHT": 0,
  "DEST": "",
  "ETA": "00-00 00:00"
}