{
  "MMSI": 211692440,
  "TIME": "2023-09-13 00:23:24 GMT",
  "LONGITUDE": 16.09844,
  "LATITUDE": 55.84873,
  "COG": 200.5,
  "SOG": 5.3,
  "HEADING": 194,
  "ROT": 0,
  "NAVSTAT": 0,
  "IMO": 0,
  "NAME": "LILLE OE",
  "CALLSIGN": "DH8613",
  "TYPE": 36,
  "A": 7,
  "B": 3,
  "C": 2,
  "D": 1,
  "DRAUGHT": 0,
  "DEST": "",
  "ETA": "00-00 00:00"
}