{
  "MMSI": 211692440,
  "TIME": "2022-06-27 18:32:10 GMT",
  "LONGITUDE": 24.57467,
  "LATITUDE": 59.99184,
  "COG": 353.7,
  "SOG": 0,
  "HEADING": 98,
  "ROT": 128,
  "NAVSTAT": 15,
  "IMO": 0,
  "NAME": "LILLE OE",
  "CALLSIGN": "DH8613",
  "TYPE": 36,
  "A": 9,
  "B": 1,
  "C": 2,
  "D": 2,
  "DRAUGHT": 0,
  "DEST": "",
  "ETA": "00-00 00:00"
}