{
  "MMSI": 211692440,
  "TIME": "2023-01-24 16:15:27 GMT",
  "LONGITUDE": 13.19643,
  "LATITUDE": 52.47039,
  "COG": 124.1,
  "SOG": 0,
  "HEADING": 60,
  "ROT": 128,
  "NAVSTAT": 15,
  "IMO": 0,
  "NAME": "LILLE OE",
  "CALLSIGN": "DH8613",
  "TYPE": 36,
  "A": 7,
  "B": 3,
  "C": 2,
  "D": 1,
  "DRAUGHT": 0,
  "DEST": "",
  "ETA": "00-00 00:00"
}