{
  "MMSI": 211692440,
  "TIME": "2022-07-26 18:29:51 GMT",
  "LONGITUDE": 23.35439,
  "LATITUDE": 59.86567,
  "COG": 104.3,
  "SOG": 0,
  "HEADING": 170,
  "ROT": 128,
  "NAVSTAT": 15,
  "IMO": 0,
  "NAME": "LILLE OE",
  "CALLSIGN": "DH8613",
  "TYPE": 36,
  "A": 9,
  "B": 1,
  "C": 2,
  "D": 2,
  "DRAUGHT": 0,
  "DEST": "",
  "ETA": "00-00 00:00"
}