{
  "MMSI": 211692440,
  "TIME": "2022-08-27 20:14:13 GMT",
  "LONGITUDE": 18.42059,
  "LATITUDE": 59.43478,
  "COG": 19.5,
  "SOG": 0,
  "HEADING": 193,
  "ROT": 128,
  "NAVSTAT": 15,
  "IMO": 0,
  "NAME": "LILLE OE",
  "CALLSIGN": "DH8613",
  "TYPE": 36,
  "A": 7,
  "B": 3,
  "C": 2,
  "D": 1,
  "DRAUGHT": 0,
  "DEST": "",
  "ETA": "00-00 00:00"
}