{
  "MMSI": 211692440,
  "TIME": "2022-08-07 18:28:12 GMT",
  "LONGITUDE": 25.99673,
  "LATITUDE": 60.26808,
  "COG": 19,
  "SOG": 0,
  "HEADING": 197,
  "ROT": 128,
  "NAVSTAT": 15,
  "IMO": 0,
  "NAME": "LILLE OE",
  "CALLSIGN": "DH8613",
  "TYPE": 36,
  "A": 9,
  "B": 1,
  "C": 2,
  "D": 2,
  "DRAUGHT": 0,
  "DEST": "",
  "ETA": "00-00 00:00"
}