{
  "MMSI": 211692440,
  "TIME": "2022-09-25 08:18:34 GMT",
  "LONGITUDE": 13.19334,
  "LATITUDE": 52.51115,
  "COG": 203.4,
  "SOG": 0,
  "HEADING": 107,
  "ROT": 128,
  "NAVSTAT": 15,
  "IMO": 0,
  "NAME": "LILLE OE",
  "CALLSIGN": "DH8613",
  "TYPE": 36,
  "A": 9,
  "B": 0,
  "C": 2,
  "D": 2,
  "DRAUGHT": 0,
  "DEST": "",
  "ETA": "00-00 00:00"
}