{
  "MMSI": 211692440,
  "TIME": "2022-09-01 08:19:59 GMT",
  "LONGITUDE": 17.36464,
  "LATITUDE": 58.73592,
  "COG": 196,
  "SOG": 4,
  "HEADING": 193,
  "ROT": 128,
  "NAVSTAT": 15,
  "IMO": 0,
  "NAME": "LILLE OE",
  "CALLSIGN": "DH8613",
  "TYPE": 36,
  "A": 9,
  "B": 1,
  "C": 2,
  "D": 2,
  "DRAUGHT": 0,
  "DEST": "",
  "ETA": "00-00 00:00"
}