{
  "MMSI": 211692440,
  "TIME": "2022-08-08 12:50:17 GMT",
  "LONGITUDE": 25.50555,
  "LATITUDE": 60.19112,
  "COG": 295.6,
  "SOG": 4.3,
  "HEADING": 290,
  "ROT": 128,
  "NAVSTAT": 15,
  "IMO": 0,
  "NAME": "LILLE OE",
  "CALLSIGN": "DH8613",
  "TYPE": 36,
  "A": 7,
  "B": 3,
  "C": 2,
  "D": 1,
  "DRAUGHT": 0,
  "DEST": "",
  "ETA": "00-00 00:00"
}