{
  "MMSI": 211692440,
  "TIME": "2023-05-08 12:08:10 GMT",
  "LONGITUDE": 17.40016,
  "LATITUDE": 58.74556,
  "COG": 13.5,
  "SOG": 4.8,
  "HEADING": 20,
  "ROT": 128,
  "NAVSTAT": 15,
  "IMO": 0,
  "NAME": "LILLE OE",
  "CALLSIGN": "DH8613",
  "TYPE": 36,
  "A": 7,
  "B": 3,
  "C": 2,
  "D": 1,
  "DRAUGHT": 0,
  "DEST": "",
  "ETA": "00-00 00:00"
}