{
  "MMSI": 211692440,
  "TIME": "2022-08-15 06:32:14 GMT",
  "LONGITUDE": 22.96637,
  "LATITUDE": 59.81935,
  "COG": 60.1,
  "SOG": 0,
  "HEADING": 111,
  "ROT": 128,
  "NAVSTAT": 15,
  "IMO": 0,
  "NAME": "LILLE OE",
  "CALLSIGN": "DH8613",
  "TYPE": 36,
  "A": 9,
  "B": 1,
  "C": 2,
  "D": 2,
  "DRAUGHT": 0,
  "DEST": "",
  "ETA": "00-00 00:00"
}