{
  "MMSI": 211692440,
  "TIME": "2022-08-31 12:29:41 GMT",
  "LONGITUDE": 17.55319,
  "LATITUDE": 58.77828,
  "COG": 245.5,
  "SOG": 5.8,
  "HEADING": 250,
  "ROT": 128,
  "NAVSTAT": 15,
  "IMO": 0,
  "NAME": "LILLE OE",
  "CALLSIGN": "DH8613",
  "TYPE": 36,
  "A": 9,
  "B": 1,
  "C": 2,
  "D": 2,
  "DRAUGHT": 0,
  "DEST": "",
  "ETA": "00-00 00:00"
}