{
  "MMSI": 211692440,
  "TIME": "2023-06-25 11:53:56 GMT",
  "LONGITUDE": 24.17639,
  "LATITUDE": 59.93484,
  "COG": 92.8,
  "SOG": 4.3,
  "HEADING": 85,
  "ROT": 128,
  "NAVSTAT": 15,
  "IMO": 0,
  "NAME": "LILLE OE",
  "CALLSIGN": "DH8613",
  "TYPE": 36,
  "A": 9,
  "B": 1,
  "C": 2,
  "D": 2,
  "DRAUGHT": 0,
  "DEST": "",
  "ETA": "00-00 00:00"
}