{
  "MMSI": 211692440,
  "TIME": "2022-11-14 01:12:36 GMT",
  "LONGITUDE": 13.19622,
  "LATITUDE": 52.47053,
  "COG": 195.5,
  "SOG": 0,
  "HEADING": 76,
  "ROT": 128,
  "NAVSTAT": 15,
  "IMO": 0,
  "NAME": "LILLE OE",
  "CALLSIGN": "DH8613",
  "TYPE": 36,
  "A": 9,
  "B": 1,
  "C": 2,
  "D": 2,
  "DRAUGHT": 0,
  "DEST": "",
  "ETA": "00-00 00:00"
}