{
  "MMSI": 211692440,
  "TIME": "2022-04-30 12:37:01 GMT",
  "LONGITUDE": 14.97473,
  "LATITUDE": 56.12159,
  "COG": 360,
  "SOG": 0.2,
  "HEADING": 86,
  "ROT": 128,
  "NAVSTAT": 15,
  "IMO": 0,
  "NAME": "LILLE OE",
  "CALLSIGN": "DH8613",
  "TYPE": 36,
  "A": 9,
  "B": 1,
  "C": 2,
  "D": 2,
  "DRAUGHT": 0,
  "DEST": "",
  "ETA": "00-00 00:00"
}