{
  "MMSI": 211692440,
  "TIME": "2026-07-03 01:23:05 GMT",
  "LONGITUDE": -144.58413,
  "LATITUDE": -16.88282,
  "COG": 223.9,
  "SOG": 0.3,
  "HEADING": 105,
  "ROT": 128,
  "PAC": 0,
  "NAVSTAT": 15,
  "IMO": 0,
  "NAME": "LILLE OE",
  "CALLSIGN": "DH8613",
  "TYPE": 36,
  "A": 9,
  "B": 0,
  "C": 2,
  "D": 2,
  "DRAUGHT": 0,
  "DEST": "",
  "ETA": "00-00 00:00"
}