{
  "MMSI": 211692440,
  "TIME": "2026-07-13 01:17:09 GMT",
  "LONGITUDE": -146.15248,
  "LATITUDE": -15.80331,
  "COG": 29.7,
  "SOG": 0,
  "HEADING": 203,
  "ROT": 128,
  "PAC": 0,
  "NAVSTAT": 15,
  "IMO": 0,
  "NAME": "LILLE OE",
  "CALLSIGN": "DH8613",
  "TYPE": 36,
  "A": 9,
  "B": 0,
  "C": 2,
  "D": 2,
  "DRAUGHT": 0,
  "DEST": "",
  "ETA": "00-00 00:00"
}