{
  "MMSI": 211692440,
  "TIME": "2023-01-20 20:12:54 GMT",
  "LONGITUDE": 13.19363,
  "LATITUDE": 52.51103,
  "COG": 27.5,
  "SOG": 0,
  "HEADING": 8,
  "ROT": 128,
  "NAVSTAT": 15,
  "IMO": 0,
  "NAME": "LILLE OE",
  "CALLSIGN": "DH8613",
  "TYPE": 36,
  "A": 9,
  "B": 1,
  "C": 2,
  "D": 2,
  "DRAUGHT": 0,
  "DEST": "",
  "ETA": "00-00 00:00"
}