{
  "MMSI": 211692440,
  "TIME": "2023-07-16 18:00:38 GMT",
  "LONGITUDE": 24.96349,
  "LATITUDE": 60.17274,
  "COG": 360,
  "SOG": 0.4,
  "HEADING": 101,
  "ROT": 128,
  "NAVSTAT": 15,
  "IMO": 0,
  "NAME": "LILLE OE",
  "CALLSIGN": "DH8613",
  "TYPE": 36,
  "A": 7,
  "B": 3,
  "C": 2,
  "D": 1,
  "DRAUGHT": 0,
  "DEST": "",
  "ETA": "00-00 00:00"
}