{
  "MMSI": 211692440,
  "TIME": "2023-04-15 12:11:31 GMT",
  "LONGITUDE": 13.64824,
  "LATITUDE": 54.29313,
  "COG": 155.7,
  "SOG": 0,
  "HEADING": 18,
  "ROT": 128,
  "NAVSTAT": 15,
  "IMO": 0,
  "NAME": "LILLE OE",
  "CALLSIGN": "DH8613",
  "TYPE": 36,
  "A": 9,
  "B": 1,
  "C": 2,
  "D": 2,
  "DRAUGHT": 0,
  "DEST": "",
  "ETA": "00-00 00:00"
}