{
  "MMSI": 211692440,
  "TIME": "2022-10-20 01:40:28 GMT",
  "LONGITUDE": 13.19326,
  "LATITUDE": 52.51119,
  "COG": 168.6,
  "SOG": 0,
  "HEADING": 168,
  "ROT": 128,
  "NAVSTAT": 15,
  "IMO": 0,
  "NAME": "LILLE OE",
  "CALLSIGN": "DH8613",
  "TYPE": 36,
  "A": 9,
  "B": 0,
  "C": 2,
  "D": 2,
  "DRAUGHT": 0,
  "DEST": "",
  "ETA": "00-00 00:00"
}