{
  "MMSI": 211692440,
  "TIME": "2022-07-27 06:30:09 GMT",
  "LONGITUDE": 23.35437,
  "LATITUDE": 59.86569,
  "COG": 19.3,
  "SOG": 0,
  "HEADING": 171,
  "ROT": 128,
  "NAVSTAT": 15,
  "IMO": 0,
  "NAME": "LILLE OE",
  "CALLSIGN": "DH8613",
  "TYPE": 36,
  "A": 9,
  "B": 1,
  "C": 2,
  "D": 2,
  "DRAUGHT": 0,
  "DEST": "",
  "ETA": "00-00 00:00"
}