{
  "MMSI": 211692440,
  "TIME": "2023-04-08 12:22:03 GMT",
  "LONGITUDE": 13.27912,
  "LATITUDE": 52.76648,
  "COG": 134.2,
  "SOG": 0,
  "HEADING": 29,
  "ROT": 128,
  "NAVSTAT": 15,
  "IMO": 0,
  "NAME": "LILLE OE",
  "CALLSIGN": "DH8613",
  "TYPE": 36,
  "A": 9,
  "B": 1,
  "C": 2,
  "D": 2,
  "DRAUGHT": 0,
  "DEST": "",
  "ETA": "00-00 00:00"
}