{
  "MMSI": 211692440,
  "TIME": "2022-04-30 06:28:37 GMT",
  "LONGITUDE": 15.10465,
  "LATITUDE": 55.94542,
  "COG": 346.1,
  "SOG": 1.2,
  "HEADING": 358,
  "ROT": 128,
  "NAVSTAT": 15,
  "IMO": 0,
  "NAME": "LILLE OE",
  "CALLSIGN": "DH8613",
  "TYPE": 36,
  "A": 9,
  "B": 1,
  "C": 2,
  "D": 2,
  "DRAUGHT": 0,
  "DEST": "",
  "ETA": "00-00 00:00"
}