{
  "MMSI": 211692440,
  "TIME": "2022-08-27 16:18:10 GMT",
  "LONGITUDE": 18.42058,
  "LATITUDE": 59.43476,
  "COG": 125.3,
  "SOG": 0,
  "HEADING": 191,
  "ROT": 128,
  "NAVSTAT": 15,
  "IMO": 0,
  "NAME": "LILLE OE",
  "CALLSIGN": "DH8613",
  "TYPE": 36,
  "A": 9,
  "B": 1,
  "C": 2,
  "D": 2,
  "DRAUGHT": 0,
  "DEST": "",
  "ETA": "00-00 00:00"
}