{
  "MMSI": 211692440,
  "TIME": "2022-07-17 12:40:29 GMT",
  "LONGITUDE": 22.87206,
  "LATITUDE": 59.86483,
  "COG": 340.7,
  "SOG": 3.6,
  "HEADING": 332,
  "ROT": 128,
  "NAVSTAT": 15,
  "IMO": 0,
  "NAME": "LILLE OE",
  "CALLSIGN": "DH8613",
  "TYPE": 36,
  "A": 9,
  "B": 1,
  "C": 2,
  "D": 2,
  "DRAUGHT": 0,
  "DEST": "",
  "ETA": "00-00 00:00"
}