{
  "MMSI": 211692440,
  "TIME": "2024-01-01 18:00:41 GMT",
  "LONGITUDE": 13.19371,
  "LATITUDE": 52.51099,
  "COG": 191.9,
  "SOG": 0,
  "HEADING": 13,
  "ROT": 128,
  "NAVSTAT": 15,
  "IMO": 0,
  "NAME": "LILLE OE",
  "CALLSIGN": "DH8613",
  "TYPE": 36,
  "A": 7,
  "B": 3,
  "C": 2,
  "D": 1,
  "DRAUGHT": 0,
  "DEST": "",
  "ETA": "00-00 00:00"
}