{
  "MMSI": 211692440,
  "TIME": "2022-08-09 18:28:57 GMT",
  "LONGITUDE": 24.96485,
  "LATITUDE": 60.17311,
  "COG": 289.7,
  "SOG": 0,
  "HEADING": 284,
  "ROT": 0,
  "NAVSTAT": 0,
  "IMO": 0,
  "NAME": "LILLE OE",
  "CALLSIGN": "DH8613",
  "TYPE": 36,
  "A": 9,
  "B": 1,
  "C": 2,
  "D": 2,
  "DRAUGHT": 0,
  "DEST": "",
  "ETA": "00-00 00:00"
}