{
  "MMSI": 211692440,
  "TIME": "2023-11-18 18:00:29 GMT",
  "LONGITUDE": 13.16346,
  "LATITUDE": 52.42604,
  "COG": 110.5,
  "SOG": 0,
  "HEADING": 45,
  "ROT": 0,
  "NAVSTAT": 0,
  "IMO": 0,
  "NAME": "LILLE OE",
  "CALLSIGN": "DH8613",
  "TYPE": 36,
  "A": 7,
  "B": 3,
  "C": 2,
  "D": 1,
  "DRAUGHT": 0,
  "DEST": "",
  "ETA": "00-00 00:00"
}