{
  "MMSI": 211692440,
  "TIME": "2023-09-19 18:00:09 GMT",
  "LONGITUDE": 13.24792,
  "LATITUDE": 52.57227,
  "COG": 275.2,
  "SOG": 0,
  "HEADING": 207,
  "ROT": 0,
  "NAVSTAT": 0,
  "IMO": 0,
  "NAME": "LILLE OE",
  "CALLSIGN": "DH8613",
  "TYPE": 36,
  "A": 7,
  "B": 3,
  "C": 2,
  "D": 1,
  "DRAUGHT": 0,
  "DEST": "",
  "ETA": "00-00 00:00"
}