{
  "MMSI": 211692440,
  "TIME": "2022-09-10 05:11:17 GMT",
  "LONGITUDE": 16.32829,
  "LATITUDE": 56.58414,
  "COG": 203.9,
  "SOG": 5.5,
  "HEADING": 196,
  "ROT": 128,
  "NAVSTAT": 15,
  "IMO": 0,
  "NAME": "LILLE OE",
  "CALLSIGN": "DH8613",
  "TYPE": 36,
  "A": 9,
  "B": 1,
  "C": 2,
  "D": 2,
  "DRAUGHT": 0,
  "DEST": "",
  "ETA": "00-00 00:00"
}