{
  "MMSI": 211692440,
  "TIME": "2022-08-17 06:32:26 GMT",
  "LONGITUDE": 21.55653,
  "LATITUDE": 60.17396,
  "COG": 209.5,
  "SOG": 0,
  "HEADING": 38,
  "ROT": 128,
  "NAVSTAT": 15,
  "IMO": 0,
  "NAME": "LILLE OE",
  "CALLSIGN": "DH8613",
  "TYPE": 36,
  "A": 9,
  "B": 1,
  "C": 2,
  "D": 2,
  "DRAUGHT": 0,
  "DEST": "",
  "ETA": "00-00 00:00"
}