{
  "MMSI": 211692440,
  "TIME": "2022-12-26 12:21:26 GMT",
  "LONGITUDE": 13.18956,
  "LATITUDE": 52.48099,
  "COG": 10.5,
  "SOG": 3,
  "HEADING": 7,
  "ROT": 128,
  "NAVSTAT": 15,
  "IMO": 0,
  "NAME": "LILLE OE",
  "CALLSIGN": "DH8613",
  "TYPE": 36,
  "A": 7,
  "B": 3,
  "C": 2,
  "D": 1,
  "DRAUGHT": 0,
  "DEST": "",
  "ETA": "00-00 00:00"
}