{
  "MMSI": 211692440,
  "TIME": "2022-06-30 02:21:20 GMT",
  "LONGITUDE": 23.91459,
  "LATITUDE": 59.97796,
  "COG": 101.5,
  "SOG": 0,
  "HEADING": 22,
  "ROT": 128,
  "NAVSTAT": 15,
  "IMO": 0,
  "NAME": "LILLE OE",
  "CALLSIGN": "DH8613",
  "TYPE": 36,
  "A": 9,
  "B": 1,
  "C": 2,
  "D": 2,
  "DRAUGHT": 0,
  "DEST": "",
  "ETA": "00-00 00:00"
}