{
  "MMSI": 211692440,
  "TIME": "2022-06-13 12:47:26 GMT",
  "LONGITUDE": 22.20155,
  "LATITUDE": 60.17486,
  "COG": 72.7,
  "SOG": 0,
  "HEADING": 179,
  "ROT": 128,
  "NAVSTAT": 15,
  "IMO": 0,
  "NAME": "LILLE OE",
  "CALLSIGN": "DH8613",
  "TYPE": 36,
  "A": 9,
  "B": 1,
  "C": 2,
  "D": 2,
  "DRAUGHT": 0,
  "DEST": "",
  "ETA": "00-00 00:00"
}