{
  "MMSI": 211692440,
  "TIME": "2023-07-01 00:36:06 GMT",
  "LONGITUDE": 25.54545,
  "LATITUDE": 59.94542,
  "COG": 73.9,
  "SOG": 5.6,
  "HEADING": 65,
  "ROT": 0,
  "NAVSTAT": 0,
  "IMO": 0,
  "NAME": "LILLE OE",
  "CALLSIGN": "DH8613",
  "TYPE": 36,
  "A": 7,
  "B": 3,
  "C": 2,
  "D": 1,
  "DRAUGHT": 0,
  "DEST": "",
  "ETA": "00-00 00:00"
}