{
  "MMSI": 211692440,
  "TIME": "2022-09-08 01:27:29 GMT",
  "LONGITUDE": 16.46834,
  "LATITUDE": 57.19789,
  "COG": 187.1,
  "SOG": 0,
  "HEADING": 185,
  "ROT": 128,
  "NAVSTAT": 15,
  "IMO": 0,
  "NAME": "LILLE OE",
  "CALLSIGN": "DH8613",
  "TYPE": 36,
  "A": 9,
  "B": 1,
  "C": 2,
  "D": 2,
  "DRAUGHT": 0,
  "DEST": "",
  "ETA": "00-00 00:00"
}