{
  "MMSI": 211692440,
  "TIME": "2022-06-18 12:37:29 GMT",
  "LONGITUDE": 23.26046,
  "LATITUDE": 59.86535,
  "COG": 358.6,
  "SOG": 5.2,
  "HEADING": 359,
  "ROT": 128,
  "NAVSTAT": 15,
  "IMO": 0,
  "NAME": "LILLE OE",
  "CALLSIGN": "DH8613",
  "TYPE": 36,
  "A": 9,
  "B": 1,
  "C": 2,
  "D": 2,
  "DRAUGHT": 0,
  "DEST": "",
  "ETA": "00-00 00:00"
}