{
  "MMSI": 211692440,
  "TIME": "2022-12-25 01:00:53 GMT",
  "LONGITUDE": 13.19361,
  "LATITUDE": 52.51101,
  "COG": 360,
  "SOG": 0,
  "HEADING": 7,
  "ROT": 128,
  "NAVSTAT": 15,
  "IMO": 0,
  "NAME": "LILLE OE",
  "CALLSIGN": "DH8613",
  "TYPE": 36,
  "A": 9,
  "B": 1,
  "C": 2,
  "D": 2,
  "DRAUGHT": 0,
  "DEST": "",
  "ETA": "00-00 00:00"
}