{
  "MMSI": 211692440,
  "TIME": "2023-09-25 12:09:04 GMT",
  "LONGITUDE": 13.06694,
  "LATITUDE": 52.43033,
  "COG": 313.5,
  "SOG": 3.2,
  "HEADING": 314,
  "ROT": 0,
  "NAVSTAT": 0,
  "IMO": 0,
  "NAME": "LILLE OE",
  "CALLSIGN": "DH8613",
  "TYPE": 36,
  "A": 7,
  "B": 3,
  "C": 2,
  "D": 1,
  "DRAUGHT": 0,
  "DEST": "",
  "ETA": "00-00 00:00"
}