{
  "MMSI": 211692440,
  "TIME": "2022-07-28 06:30:55 GMT",
  "LONGITUDE": 24.44023,
  "LATITUDE": 59.98082,
  "COG": 5.2,
  "SOG": 0,
  "HEADING": 316,
  "ROT": 128,
  "NAVSTAT": 15,
  "IMO": 0,
  "NAME": "LILLE OE",
  "CALLSIGN": "DH8613",
  "TYPE": 36,
  "A": 9,
  "B": 1,
  "C": 2,
  "D": 2,
  "DRAUGHT": 0,
  "DEST": "",
  "ETA": "00-00 00:00"
}