{
  "MMSI": 211692440,
  "TIME": "2022-08-19 01:23:05 GMT",
  "LONGITUDE": 21.07091,
  "LATITUDE": 60.13966,
  "COG": 38.3,
  "SOG": 0,
  "HEADING": 88,
  "ROT": 128,
  "NAVSTAT": 15,
  "IMO": 0,
  "NAME": "LILLE OE",
  "CALLSIGN": "DH8613",
  "TYPE": 36,
  "A": 9,
  "B": 1,
  "C": 2,
  "D": 2,
  "DRAUGHT": 0,
  "DEST": "",
  "ETA": "00-00 00:00"
}