{
  "MMSI": 211692440,
  "TIME": "2022-05-17 18:30:08 GMT",
  "LONGITUDE": 16.58082,
  "LATITUDE": 57.32685,
  "COG": 360,
  "SOG": 0,
  "HEADING": 174,
  "ROT": 128,
  "NAVSTAT": 15,
  "IMO": 0,
  "NAME": "LILLE OE",
  "CALLSIGN": "DH8613",
  "TYPE": 36,
  "A": 7,
  "B": 3,
  "C": 2,
  "D": 1,
  "DRAUGHT": 0,
  "DEST": "",
  "ETA": "00-00 00:00"
}