{
  "MMSI": 211692440,
  "TIME": "2022-07-30 12:39:22 GMT",
  "LONGITUDE": 25.33282,
  "LATITUDE": 60.14415,
  "COG": 69.7,
  "SOG": 4.9,
  "HEADING": 67,
  "ROT": 128,
  "NAVSTAT": 15,
  "IMO": 0,
  "NAME": "LILLE OE",
  "CALLSIGN": "DH8613",
  "TYPE": 36,
  "A": 9,
  "B": 1,
  "C": 2,
  "D": 2,
  "DRAUGHT": 0,
  "DEST": "",
  "ETA": "00-00 00:00"
}