{
  "MMSI": 211692440,
  "TIME": "2022-08-11 06:29:25 GMT",
  "LONGITUDE": 24.44024,
  "LATITUDE": 59.98082,
  "COG": 305.5,
  "SOG": 0,
  "HEADING": 307,
  "ROT": 0,
  "NAVSTAT": 0,
  "IMO": 0,
  "NAME": "LILLE OE",
  "CALLSIGN": "DH8613",
  "TYPE": 36,
  "A": 9,
  "B": 1,
  "C": 2,
  "D": 2,
  "DRAUGHT": 0,
  "DEST": "",
  "ETA": "00-00 00:00"
}