{
  "MMSI": 211692440,
  "TIME": "2022-09-03 12:24:57 GMT",
  "LONGITUDE": 17.10295,
  "LATITUDE": 58.66288,
  "COG": 125.4,
  "SOG": 0,
  "HEADING": 116,
  "ROT": 128,
  "NAVSTAT": 15,
  "IMO": 0,
  "NAME": "LILLE OE",
  "CALLSIGN": "DH8613",
  "TYPE": 36,
  "A": 9,
  "B": 1,
  "C": 2,
  "D": 2,
  "DRAUGHT": 0,
  "DEST": "",
  "ETA": "00-00 00:00"
}