{
  "MMSI": 211692440,
  "TIME": "2022-09-04 01:22:57 GMT",
  "LONGITUDE": 17.10291,
  "LATITUDE": 58.66287,
  "COG": 357.9,
  "SOG": 0,
  "HEADING": 108,
  "ROT": 128,
  "NAVSTAT": 15,
  "IMO": 0,
  "NAME": "LILLE OE",
  "CALLSIGN": "DH8613",
  "TYPE": 36,
  "A": 9,
  "B": 1,
  "C": 2,
  "D": 2,
  "DRAUGHT": 0,
  "DEST": "",
  "ETA": "00-00 00:00"
}