{
  "MMSI": 211692440,
  "TIME": "2023-06-16 00:27:51 GMT",
  "LONGITUDE": 21.04832,
  "LATITUDE": 62.57225,
  "COG": 360,
  "SOG": 0.1,
  "HEADING": 185,
  "ROT": 128,
  "NAVSTAT": 15,
  "IMO": 0,
  "NAME": "LILLE OE",
  "CALLSIGN": "DH8613",
  "TYPE": 36,
  "A": 9,
  "B": 1,
  "C": 2,
  "D": 2,
  "DRAUGHT": 0,
  "DEST": "",
  "ETA": "00-00 00:00"
}