{
  "MMSI": 211692440,
  "TIME": "2022-08-12 02:17:18 GMT",
  "LONGITUDE": 24.44022,
  "LATITUDE": 59.98083,
  "COG": 225.9,
  "SOG": 0,
  "HEADING": 322,
  "ROT": 0,
  "NAVSTAT": 0,
  "IMO": 0,
  "NAME": "LILLE OE",
  "CALLSIGN": "DH8613",
  "TYPE": 36,
  "A": 9,
  "B": 1,
  "C": 2,
  "D": 2,
  "DRAUGHT": 0,
  "DEST": "",
  "ETA": "00-00 00:00"
}