{
  "MMSI": 211692440,
  "TIME": "2023-03-19 18:16:03 GMT",
  "LONGITUDE": 13.19599,
  "LATITUDE": 52.47049,
  "COG": 344.3,
  "SOG": 0,
  "HEADING": 86,
  "ROT": 128,
  "NAVSTAT": 15,
  "IMO": 0,
  "NAME": "LILLE OE",
  "CALLSIGN": "DH8613",
  "TYPE": 36,
  "A": 9,
  "B": 1,
  "C": 2,
  "D": 2,
  "DRAUGHT": 0,
  "DEST": "",
  "ETA": "00-00 00:00"
}