{
  "MMSI": 211692440,
  "TIME": "2022-06-10 02:11:20 GMT",
  "LONGITUDE": 22.24612,
  "LATITUDE": 60.44052,
  "COG": 310.6,
  "SOG": 0,
  "HEADING": 321,
  "ROT": 128,
  "NAVSTAT": 15,
  "IMO": 0,
  "NAME": "LILLE OE",
  "CALLSIGN": "DH8613",
  "TYPE": 36,
  "A": 7,
  "B": 3,
  "C": 2,
  "D": 1,
  "DRAUGHT": 0,
  "DEST": "",
  "ETA": "00-00 00:00"
}