{
  "MMSI": 211692440,
  "TIME": "2022-11-18 08:17:19 GMT",
  "LONGITUDE": 13.19329,
  "LATITUDE": 52.51115,
  "COG": 300,
  "SOG": 0,
  "HEADING": 104,
  "ROT": 128,
  "NAVSTAT": 15,
  "IMO": 0,
  "NAME": "LILLE OE",
  "CALLSIGN": "DH8613",
  "TYPE": 36,
  "A": 7,
  "B": 3,
  "C": 2,
  "D": 1,
  "DRAUGHT": 0,
  "DEST": "",
  "ETA": "00-00 00:00"
}