{
  "MMSI": 211692440,
  "TIME": "2023-03-01 10:16:45 GMT",
  "LONGITUDE": 13.18785,
  "LATITUDE": 52.47451,
  "COG": 356.1,
  "SOG": 4.3,
  "HEADING": 351,
  "ROT": 128,
  "NAVSTAT": 15,
  "IMO": 0,
  "NAME": "LILLE OE",
  "CALLSIGN": "DH8613",
  "TYPE": 36,
  "A": 7,
  "B": 3,
  "C": 2,
  "D": 1,
  "DRAUGHT": 0,
  "DEST": "",
  "ETA": "00-00 00:00"
}