{
  "MMSI": 211692440,
  "TIME": "2026-07-06 01:40:47 GMT",
  "LONGITUDE": -144.65137,
  "LATITUDE": -16.86182,
  "COG": 268.4,
  "SOG": 0,
  "HEADING": 287,
  "ROT": 128,
  "PAC": 0,
  "NAVSTAT": 15,
  "IMO": 0,
  "NAME": "LILLE OE",
  "CALLSIGN": "DH8613",
  "TYPE": 36,
  "A": 9,
  "B": 0,
  "C": 2,
  "D": 2,
  "DRAUGHT": 0,
  "DEST": "",
  "ETA": "00-00 00:00"
}