{
  "MMSI": 211692440,
  "TIME": "2022-05-07 01:50:43 GMT",
  "LONGITUDE": 15.77285,
  "LATITUDE": 56.08074,
  "COG": 360,
  "SOG": 0.1,
  "HEADING": 214,
  "ROT": 128,
  "NAVSTAT": 15,
  "IMO": 0,
  "NAME": "LILLE OE",
  "CALLSIGN": "DH8613",
  "TYPE": 36,
  "A": 9,
  "B": 1,
  "C": 2,
  "D": 2,
  "DRAUGHT": 0,
  "DEST": "",
  "ETA": "00-00 00:00"
}