{
  "MMSI": 211692440,
  "TIME": "2022-09-05 08:17:55 GMT",
  "LONGITUDE": 16.99356,
  "LATITUDE": 58.25621,
  "COG": 230.7,
  "SOG": 4.7,
  "HEADING": 226,
  "ROT": 128,
  "NAVSTAT": 15,
  "IMO": 0,
  "NAME": "LILLE OE",
  "CALLSIGN": "DH8613",
  "TYPE": 36,
  "A": 9,
  "B": 1,
  "C": 2,
  "D": 2,
  "DRAUGHT": 0,
  "DEST": "",
  "ETA": "00-00 00:00"
}