{
  "MMSI": 211692440,
  "TIME": "2022-05-03 12:49:24 GMT",
  "LONGITUDE": 14.91451,
  "LATITUDE": 56.13825,
  "COG": 306.4,
  "SOG": 3.9,
  "HEADING": 313,
  "ROT": 128,
  "NAVSTAT": 15,
  "IMO": 0,
  "NAME": "LILLE OE",
  "CALLSIGN": "DH8613",
  "TYPE": 36,
  "A": 9,
  "B": 1,
  "C": 2,
  "D": 2,
  "DRAUGHT": 0,
  "DEST": "",
  "ETA": "00-00 00:00"
}