{
  "MMSI": 211692440,
  "TIME": "2022-11-26 20:12:15 GMT",
  "LONGITUDE": 13.18553,
  "LATITUDE": 52.49787,
  "COG": 52.8,
  "SOG": 0,
  "HEADING": 169,
  "ROT": 128,
  "NAVSTAT": 15,
  "IMO": 0,
  "NAME": "LILLE OE",
  "CALLSIGN": "DH8613",
  "TYPE": 36,
  "A": 7,
  "B": 3,
  "C": 2,
  "D": 1,
  "DRAUGHT": 0,
  "DEST": "",
  "ETA": "00-00 00:00"
}