{
  "MMSI": 211692440,
  "TIME": "2022-08-22 05:05:48 GMT",
  "LONGITUDE": 18.83538,
  "LATITUDE": 59.63753,
  "COG": 60.2,
  "SOG": 0,
  "HEADING": 176,
  "ROT": 128,
  "NAVSTAT": 15,
  "IMO": 0,
  "NAME": "LILLE OE",
  "CALLSIGN": "DH8613",
  "TYPE": 36,
  "A": 9,
  "B": 1,
  "C": 2,
  "D": 2,
  "DRAUGHT": 0,
  "DEST": "",
  "ETA": "00-00 00:00"
}