{
  "MMSI": 211692440,
  "TIME": "2022-09-15 16:21:42 GMT",
  "LONGITUDE": 14.11792,
  "LATITUDE": 52.86861,
  "COG": 281.9,
  "SOG": 5,
  "HEADING": 278,
  "ROT": 128,
  "NAVSTAT": 15,
  "IMO": 0,
  "NAME": "LILLE OE",
  "CALLSIGN": "DH8613",
  "TYPE": 36,
  "A": 9,
  "B": 1,
  "C": 2,
  "D": 2,
  "DRAUGHT": 0,
  "DEST": "",
  "ETA": "00-00 00:00"
}