{
  "MMSI": 211692440,
  "TIME": "2022-08-27 12:29:01 GMT",
  "LONGITUDE": 18.40458,
  "LATITUDE": 59.44039,
  "COG": 89.8,
  "SOG": 5.2,
  "HEADING": 87,
  "ROT": 128,
  "NAVSTAT": 15,
  "IMO": 0,
  "NAME": "LILLE OE",
  "CALLSIGN": "DH8613",
  "TYPE": 36,
  "A": 9,
  "B": 1,
  "C": 2,
  "D": 2,
  "DRAUGHT": 0,
  "DEST": "",
  "ETA": "00-00 00:00"
}