{
  "MMSI": 211692440,
  "TIME": "2022-09-15 08:21:30 GMT",
  "LONGITUDE": 14.51061,
  "LATITUDE": 53.35659,
  "COG": 214.7,
  "SOG": 4.9,
  "HEADING": 209,
  "ROT": 128,
  "NAVSTAT": 15,
  "IMO": 0,
  "NAME": "LILLE OE",
  "CALLSIGN": "DH8613",
  "TYPE": 36,
  "A": 9,
  "B": 1,
  "C": 2,
  "D": 2,
  "DRAUGHT": 0,
  "DEST": "",
  "ETA": "00-00 00:00"
}