{
  "MMSI": 211692440,
  "TIME": "2022-04-17 06:27:50 GMT",
  "LONGITUDE": 13.26085,
  "LATITUDE": 52.74981,
  "COG": 41.8,
  "SOG": 0,
  "HEADING": 89,
  "ROT": 128,
  "NAVSTAT": 15,
  "IMO": 0,
  "NAME": "LILLE OE",
  "CALLSIGN": "DH8613",
  "TYPE": 36,
  "A": 9,
  "B": 1,
  "C": 2,
  "D": 2,
  "DRAUGHT": 0,
  "DEST": "",
  "ETA": "00-00 00:00"
}