{
  "MMSI": 211692440,
  "TIME": "2022-09-16 12:29:47 GMT",
  "LONGITUDE": 13.21696,
  "LATITUDE": 52.62815,
  "COG": 179.4,
  "SOG": 5.2,
  "HEADING": 174,
  "ROT": 128,
  "NAVSTAT": 15,
  "IMO": 0,
  "NAME": "LILLE OE",
  "CALLSIGN": "DH8613",
  "TYPE": 36,
  "A": 9,
  "B": 1,
  "C": 2,
  "D": 2,
  "DRAUGHT": 0,
  "DEST": "",
  "ETA": "00-00 00:00"
}