{
  "MMSI": 211692440,
  "TIME": "2022-11-13 16:18:58 GMT",
  "LONGITUDE": 13.19624,
  "LATITUDE": 52.47058,
  "COG": 309.7,
  "SOG": 0,
  "HEADING": 79,
  "ROT": 128,
  "NAVSTAT": 15,
  "IMO": 0,
  "NAME": "LILLE OE",
  "CALLSIGN": "DH8613",
  "TYPE": 36,
  "A": 9,
  "B": 1,
  "C": 2,
  "D": 2,
  "DRAUGHT": 0,
  "DEST": "",
  "ETA": "00-00 00:00"
}