{
  "MMSI": 211692440,
  "TIME": "2022-07-21 12:50:57 GMT",
  "LONGITUDE": 22.19608,
  "LATITUDE": 59.86813,
  "COG": 37.5,
  "SOG": 0,
  "HEADING": 117,
  "ROT": 128,
  "NAVSTAT": 15,
  "IMO": 0,
  "NAME": "LILLE OE",
  "CALLSIGN": "DH8613",
  "TYPE": 36,
  "A": 9,
  "B": 1,
  "C": 2,
  "D": 2,
  "DRAUGHT": 0,
  "DEST": "",
  "ETA": "00-00 00:00"
}