{
  "MMSI": 211692440,
  "TIME": "2023-03-12 12:25:43 GMT",
  "LONGITUDE": 13.19039,
  "LATITUDE": 52.48425,
  "COG": 341.1,
  "SOG": 3.9,
  "HEADING": 341,
  "ROT": 128,
  "NAVSTAT": 15,
  "IMO": 0,
  "NAME": "LILLE OE",
  "CALLSIGN": "DH8613",
  "TYPE": 36,
  "A": 7,
  "B": 3,
  "C": 2,
  "D": 1,
  "DRAUGHT": 0,
  "DEST": "",
  "ETA": "00-00 00:00"
}