{
  "MMSI": 211692440,
  "TIME": "2022-07-25 02:22:33 GMT",
  "LONGITUDE": 22.40869,
  "LATITUDE": 59.91928,
  "COG": 193.5,
  "SOG": 0,
  "HEADING": 308,
  "ROT": 128,
  "NAVSTAT": 15,
  "IMO": 0,
  "NAME": "LILLE OE",
  "CALLSIGN": "DH8613",
  "TYPE": 36,
  "A": 9,
  "B": 1,
  "C": 2,
  "D": 2,
  "DRAUGHT": 0,
  "DEST": "",
  "ETA": "00-00 00:00"
}