{
  "MMSI": 211692440,
  "TIME": "2022-08-14 18:27:46 GMT",
  "LONGITUDE": 22.96639,
  "LATITUDE": 59.81935,
  "COG": 36,
  "SOG": 0,
  "HEADING": 113,
  "ROT": 128,
  "NAVSTAT": 15,
  "IMO": 0,
  "NAME": "LILLE OE",
  "CALLSIGN": "DH8613",
  "TYPE": 36,
  "A": 7,
  "B": 3,
  "C": 2,
  "D": 1,
  "DRAUGHT": 0,
  "DEST": "",
  "ETA": "00-00 00:00"
}