{
  "MMSI": 211692440,
  "TIME": "2023-05-09 12:45:37 GMT",
  "LONGITUDE": 17.95464,
  "LATITUDE": 58.89919,
  "COG": 360,
  "SOG": 0.2,
  "HEADING": 219,
  "ROT": 128,
  "NAVSTAT": 15,
  "IMO": 0,
  "NAME": "LILLE OE",
  "CALLSIGN": "DH8613",
  "TYPE": 36,
  "A": 7,
  "B": 3,
  "C": 2,
  "D": 1,
  "DRAUGHT": 0,
  "DEST": "",
  "ETA": "00-00 00:00"
}