{
  "MMSI": 211692440,
  "TIME": "2022-11-08 12:31:02 GMT",
  "LONGITUDE": 13.19331,
  "LATITUDE": 52.51118,
  "COG": 137.9,
  "SOG": 0,
  "HEADING": 108,
  "ROT": 128,
  "NAVSTAT": 15,
  "IMO": 0,
  "NAME": "LILLE OE",
  "CALLSIGN": "DH8613",
  "TYPE": 36,
  "A": 7,
  "B": 3,
  "C": 2,
  "D": 1,
  "DRAUGHT": 0,
  "DEST": "",
  "ETA": "00-00 00:00"
}