{
  "MMSI": 211692440,
  "TIME": "2023-04-08 20:11:31 GMT",
  "LONGITUDE": 13.95292,
  "LATITUDE": 52.85064,
  "COG": 33,
  "SOG": 0,
  "HEADING": 71,
  "ROT": 128,
  "NAVSTAT": 15,
  "IMO": 0,
  "NAME": "LILLE OE",
  "CALLSIGN": "DH8613",
  "TYPE": 36,
  "A": 9,
  "B": 1,
  "C": 2,
  "D": 2,
  "DRAUGHT": 0,
  "DEST": "",
  "ETA": "00-00 00:00"
}