{
  "MMSI": 211692440,
  "TIME": "2023-04-12 10:14:35 GMT",
  "LONGITUDE": 14.56795,
  "LATITUDE": 53.63857,
  "COG": 317.3,
  "SOG": 4.3,
  "HEADING": 317,
  "ROT": 128,
  "NAVSTAT": 15,
  "IMO": 0,
  "NAME": "LILLE OE",
  "CALLSIGN": "DH8613",
  "TYPE": 36,
  "A": 9,
  "B": 1,
  "C": 2,
  "D": 2,
  "DRAUGHT": 0,
  "DEST": "",
  "ETA": "00-00 00:00"
}