{
  "MMSI": 211692440,
  "TIME": "2022-04-24 06:28:43 GMT",
  "LONGITUDE": 14.61989,
  "LATITUDE": 53.40792,
  "COG": 39.5,
  "SOG": 5.5,
  "HEADING": 41,
  "ROT": 128,
  "NAVSTAT": 15,
  "IMO": 0,
  "NAME": "LILLE OE",
  "CALLSIGN": "DH8613",
  "TYPE": 36,
  "A": 9,
  "B": 1,
  "C": 2,
  "D": 2,
  "DRAUGHT": 0,
  "DEST": "",
  "ETA": "00-00 00:00"
}