{
  "MMSI": 211692440,
  "TIME": "2023-04-16 14:12:08 GMT",
  "LONGITUDE": 13.31039,
  "LATITUDE": 54.25437,
  "COG": 149.3,
  "SOG": 0,
  "HEADING": 53,
  "ROT": 128,
  "NAVSTAT": 15,
  "IMO": 0,
  "NAME": "LILLE OE",
  "CALLSIGN": "DH8613",
  "TYPE": 36,
  "A": 9,
  "B": 1,
  "C": 2,
  "D": 2,
  "DRAUGHT": 0,
  "DEST": "",
  "ETA": "00-00 00:00"
}