{
  "MMSI": 211692440,
  "TIME": "2022-07-10 18:27:22 GMT",
  "LONGITUDE": 24.96475,
  "LATITUDE": 60.17286,
  "COG": 219.3,
  "SOG": 0,
  "HEADING": 283,
  "ROT": 128,
  "NAVSTAT": 15,
  "IMO": 0,
  "NAME": "LILLE OE",
  "CALLSIGN": "DH8613",
  "TYPE": 36,
  "A": 9,
  "B": 1,
  "C": 2,
  "D": 2,
  "DRAUGHT": 0,
  "DEST": "",
  "ETA": "00-00 00:00"
}