{
  "MMSI": 211692440,
  "TIME": "2023-05-16 12:08:03 GMT",
  "LONGITUDE": 18.25662,
  "LATITUDE": 59.00726,
  "COG": 39.1,
  "SOG": 4.9,
  "HEADING": 42,
  "ROT": 128,
  "NAVSTAT": 15,
  "IMO": 0,
  "NAME": "LILLE OE",
  "CALLSIGN": "DH8613",
  "TYPE": 36,
  "A": 7,
  "B": 3,
  "C": 2,
  "D": 1,
  "DRAUGHT": 0,
  "DEST": "",
  "ETA": "00-00 00:00"
}