{
  "MMSI": 211692440,
  "TIME": "2023-11-25 17:59:53 GMT",
  "LONGITUDE": 13.19578,
  "LATITUDE": 52.47042,
  "COG": 360,
  "SOG": 0.2,
  "HEADING": 269,
  "ROT": 0,
  "NAVSTAT": 0,
  "IMO": 0,
  "NAME": "LILLE OE",
  "CALLSIGN": "DH8613",
  "TYPE": 36,
  "A": 9,
  "B": 1,
  "C": 2,
  "D": 2,
  "DRAUGHT": 0,
  "DEST": "",
  "ETA": "00-00 00:00"
}