{
  "MMSI": 211692440,
  "TIME": "2022-05-05 01:59:08 GMT",
  "LONGITUDE": 15.16754,
  "LATITUDE": 56.15015,
  "COG": 134.6,
  "SOG": 0,
  "HEADING": 36,
  "ROT": 128,
  "NAVSTAT": 15,
  "IMO": 0,
  "NAME": "LILLE OE",
  "CALLSIGN": "DH8613",
  "TYPE": 36,
  "A": 9,
  "B": 1,
  "C": 2,
  "D": 2,
  "DRAUGHT": 0,
  "DEST": "",
  "ETA": "00-00 00:00"
}