{
  "MMSI": 211692440,
  "TIME": "2022-06-28 02:16:28 GMT",
  "LONGITUDE": 24.57468,
  "LATITUDE": 59.99186,
  "COG": 58.1,
  "SOG": 0,
  "HEADING": 97,
  "ROT": 128,
  "NAVSTAT": 15,
  "IMO": 0,
  "NAME": "LILLE OE",
  "CALLSIGN": "DH8613",
  "TYPE": 36,
  "A": 9,
  "B": 1,
  "C": 2,
  "D": 2,
  "DRAUGHT": 0,
  "DEST": "",
  "ETA": "00-00 00:00"
}