{
  "MMSI": 211692440,
  "TIME": "2023-08-16 11:40:49 GMT",
  "LONGITUDE": 19.99336,
  "LATITUDE": 60.08607,
  "COG": 89.7,
  "SOG": 2.1,
  "HEADING": 112,
  "ROT": 0,
  "NAVSTAT": 0,
  "IMO": 0,
  "NAME": "LILLE OE",
  "CALLSIGN": "DH8613",
  "TYPE": 36,
  "A": 9,
  "B": 1,
  "C": 2,
  "D": 2,
  "DRAUGHT": 0,
  "DEST": "",
  "ETA": "00-00 00:00"
}