{
  "MMSI": 211692440,
  "TIME": "2022-10-16 12:31:11 GMT",
  "LONGITUDE": 13.19333,
  "LATITUDE": 52.51113,
  "COG": 12.1,
  "SOG": 0.2,
  "HEADING": 12,
  "ROT": 128,
  "NAVSTAT": 15,
  "IMO": 0,
  "NAME": "LILLE OE",
  "CALLSIGN": "DH8613",
  "TYPE": 36,
  "A": 9,
  "B": 0,
  "C": 2,
  "D": 2,
  "DRAUGHT": 0,
  "DEST": "",
  "ETA": "00-00 00:00"
}