{
  "MMSI": 211692440,
  "TIME": "2022-08-13 06:27:56 GMT",
  "LONGITUDE": 23.88235,
  "LATITUDE": 59.97815,
  "COG": 355.7,
  "SOG": 0,
  "HEADING": 278,
  "ROT": 128,
  "NAVSTAT": 15,
  "IMO": 0,
  "NAME": "LILLE OE",
  "CALLSIGN": "DH8613",
  "TYPE": 36,
  "A": 9,
  "B": 1,
  "C": 2,
  "D": 2,
  "DRAUGHT": 0,
  "DEST": "",
  "ETA": "00-00 00:00"
}