{
  "MMSI": 211692440,
  "TIME": "2022-04-22 12:41:51 GMT",
  "LONGITUDE": 14.52737,
  "LATITUDE": 53.36785,
  "COG": 29.1,
  "SOG": 5.5,
  "HEADING": 34,
  "ROT": 128,
  "NAVSTAT": 15,
  "IMO": 0,
  "NAME": "LILLE OE",
  "CALLSIGN": "DH8613",
  "TYPE": 36,
  "A": 9,
  "B": 1,
  "C": 2,
  "D": 2,
  "DRAUGHT": 0,
  "DEST": "",
  "ETA": "00-00 00:00"
}