{
  "MMSI": 211692440,
  "TIME": "2022-07-04 12:48:48 GMT",
  "LONGITUDE": 23.98331,
  "LATITUDE": 59.97836,
  "COG": 275.2,
  "SOG": 0,
  "HEADING": 47,
  "ROT": 128,
  "NAVSTAT": 15,
  "IMO": 0,
  "NAME": "LILLE OE",
  "CALLSIGN": "DH8613",
  "TYPE": 36,
  "A": 9,
  "B": 1,
  "C": 2,
  "D": 2,
  "DRAUGHT": 0,
  "DEST": "",
  "ETA": "00-00 00:00"
}