{
  "MMSI": 211692440,
  "TIME": "2022-06-02 06:32:24 GMT",
  "LONGITUDE": 19.40514,
  "LATITUDE": 59.75125,
  "COG": 360,
  "SOG": 0,
  "HEADING": 349,
  "ROT": 128,
  "NAVSTAT": 15,
  "IMO": 0,
  "NAME": "LILLE OE",
  "CALLSIGN": "DH8613",
  "TYPE": 36,
  "A": 7,
  "B": 3,
  "C": 2,
  "D": 1,
  "DRAUGHT": 0,
  "DEST": "",
  "ETA": "00-00 00:00"
}