{
  "MMSI": 211692440,
  "TIME": "2023-12-23 12:07:19 GMT",
  "LONGITUDE": 13.19135,
  "LATITUDE": 52.49324,
  "COG": 10.9,
  "SOG": 0.9,
  "HEADING": 12,
  "ROT": 128,
  "NAVSTAT": 15,
  "IMO": 0,
  "NAME": "LILLE OE",
  "CALLSIGN": "DH8613",
  "TYPE": 36,
  "A": 7,
  "B": 3,
  "C": 2,
  "D": 1,
  "DRAUGHT": 0,
  "DEST": "",
  "ETA": "00-00 00:00"
}