{
  "MMSI": 211692440,
  "TIME": "2022-06-10 18:29:44 GMT",
  "LONGITUDE": 22.24611,
  "LATITUDE": 60.44051,
  "COG": 109.8,
  "SOG": 0,
  "HEADING": 321,
  "ROT": 128,
  "NAVSTAT": 15,
  "IMO": 0,
  "NAME": "LILLE OE",
  "CALLSIGN": "DH8613",
  "TYPE": 36,
  "A": 7,
  "B": 3,
  "C": 2,
  "D": 1,
  "DRAUGHT": 0,
  "DEST": "",
  "ETA": "00-00 00:00"
}