{
  "MMSI": 211692440,
  "TIME": "2022-07-21 06:32:21 GMT",
  "LONGITUDE": 21.70472,
  "LATITUDE": 59.89092,
  "COG": 146.5,
  "SOG": 3.3,
  "HEADING": 145,
  "ROT": 128,
  "NAVSTAT": 15,
  "IMO": 0,
  "NAME": "LILLE OE",
  "CALLSIGN": "DH8613",
  "TYPE": 36,
  "A": 9,
  "B": 1,
  "C": 2,
  "D": 2,
  "DRAUGHT": 0,
  "DEST": "",
  "ETA": "00-00 00:00"
}