{
  "MMSI": 211692440,
  "TIME": "2022-11-22 12:28:38 GMT",
  "LONGITUDE": 13.18905,
  "LATITUDE": 52.47256,
  "COG": 344.5,
  "SOG": 5.2,
  "HEADING": 342,
  "ROT": 128,
  "NAVSTAT": 15,
  "IMO": 0,
  "NAME": "LILLE OE",
  "CALLSIGN": "DH8613",
  "TYPE": 36,
  "A": 7,
  "B": 3,
  "C": 2,
  "D": 1,
  "DRAUGHT": 0,
  "DEST": "",
  "ETA": "00-00 00:00"
}