{
  "MMSI": 211692440,
  "TIME": "2022-09-10 12:27:25 GMT",
  "LONGITUDE": 16.19523,
  "LATITUDE": 56.32492,
  "COG": 360,
  "SOG": 1.7,
  "HEADING": 208,
  "ROT": 128,
  "NAVSTAT": 15,
  "IMO": 0,
  "NAME": "LILLE OE",
  "CALLSIGN": "DH8613",
  "TYPE": 36,
  "A": 9,
  "B": 1,
  "C": 2,
  "D": 2,
  "DRAUGHT": 0,
  "DEST": "",
  "ETA": "00-00 00:00"
}