{
  "MMSI": 211692440,
  "TIME": "2022-11-12 12:25:47 GMT",
  "LONGITUDE": 13.19038,
  "LATITUDE": 52.49074,
  "COG": 4.4,
  "SOG": 1.6,
  "HEADING": 7,
  "ROT": 128,
  "NAVSTAT": 15,
  "IMO": 0,
  "NAME": "LILLE OE",
  "CALLSIGN": "DH8613",
  "TYPE": 36,
  "A": 7,
  "B": 3,
  "C": 2,
  "D": 1,
  "DRAUGHT": 0,
  "DEST": "",
  "ETA": "00-00 00:00"
}