{
  "MMSI": 211692440,
  "TIME": "2022-07-08 02:24:55 GMT",
  "LONGITUDE": 24.96476,
  "LATITUDE": 60.17289,
  "COG": 211,
  "SOG": 0,
  "HEADING": 284,
  "ROT": 128,
  "NAVSTAT": 15,
  "IMO": 0,
  "NAME": "LILLE OE",
  "CALLSIGN": "DH8613",
  "TYPE": 36,
  "A": 9,
  "B": 1,
  "C": 2,
  "D": 2,
  "DRAUGHT": 0,
  "DEST": "",
  "ETA": "00-00 00:00"
}