{
  "MMSI": 211692440,
  "TIME": "2022-09-28 12:32:48 GMT",
  "LONGITUDE": 13.19332,
  "LATITUDE": 52.51112,
  "COG": 192.6,
  "SOG": 0.2,
  "HEADING": 107,
  "ROT": 128,
  "NAVSTAT": 15,
  "IMO": 0,
  "NAME": "LILLE OE",
  "CALLSIGN": "DH8613",
  "TYPE": 36,
  "A": 9,
  "B": 0,
  "C": 2,
  "D": 2,
  "DRAUGHT": 0,
  "DEST": "",
  "ETA": "00-00 00:00"
}