{
  "MMSI": 211692440,
  "TIME": "2022-10-21 08:23:40 GMT",
  "LONGITUDE": 13.19328,
  "LATITUDE": 52.51113,
  "COG": 304.7,
  "SOG": 0,
  "HEADING": 304,
  "ROT": 128,
  "NAVSTAT": 15,
  "IMO": 0,
  "NAME": "LILLE OE",
  "CALLSIGN": "DH8613",
  "TYPE": 36,
  "A": 9,
  "B": 0,
  "C": 2,
  "D": 2,
  "DRAUGHT": 0,
  "DEST": "",
  "ETA": "00-00 00:00"
}