{
  "MMSI": 211692440,
  "TIME": "2022-08-04 06:31:56 GMT",
  "LONGITUDE": 26.04074,
  "LATITUDE": 60.30353,
  "COG": 344.9,
  "SOG": 0,
  "HEADING": 355,
  "ROT": 128,
  "NAVSTAT": 15,
  "IMO": 0,
  "NAME": "LILLE OE",
  "CALLSIGN": "DH8613",
  "TYPE": 36,
  "A": 9,
  "B": 1,
  "C": 2,
  "D": 2,
  "DRAUGHT": 0,
  "DEST": "",
  "ETA": "00-00 00:00"
}