{
  "MMSI": 211692440,
  "TIME": "2022-09-01 16:20:18 GMT",
  "LONGITUDE": 17.10293,
  "LATITUDE": 58.66286,
  "COG": 169.7,
  "SOG": 0,
  "HEADING": 110,
  "ROT": 128,
  "NAVSTAT": 15,
  "IMO": 0,
  "NAME": "LILLE OE",
  "CALLSIGN": "DH8613",
  "TYPE": 36,
  "A": 9,
  "B": 1,
  "C": 2,
  "D": 2,
  "DRAUGHT": 0,
  "DEST": "",
  "ETA": "00-00 00:00"
}