{
  "MMSI": 211692440,
  "TIME": "2022-11-05 12:25:35 GMT",
  "LONGITUDE": 13.19331,
  "LATITUDE": 52.51111,
  "COG": 360,
  "SOG": 0,
  "HEADING": 106,
  "ROT": 128,
  "NAVSTAT": 15,
  "IMO": 0,
  "NAME": "LILLE OE",
  "CALLSIGN": "DH8613",
  "TYPE": 36,
  "A": 7,
  "B": 3,
  "C": 2,
  "D": 1,
  "DRAUGHT": 0,
  "DEST": "",
  "ETA": "00-00 00:00"
}