{
  "MMSI": 211692440,
  "TIME": "2022-08-29 16:19:32 GMT",
  "LONGITUDE": 18.78271,
  "LATITUDE": 59.20098,
  "COG": 233,
  "SOG": 0,
  "HEADING": 116,
  "ROT": 128,
  "NAVSTAT": 15,
  "IMO": 0,
  "NAME": "LILLE OE",
  "CALLSIGN": "DH8613",
  "TYPE": 36,
  "A": 9,
  "B": 1,
  "C": 2,
  "D": 2,
  "DRAUGHT": 0,
  "DEST": "",
  "ETA": "00-00 00:00"
}