{
  "MMSI": 211692440,
  "TIME": "2022-07-13 02:22:46 GMT",
  "LONGITUDE": 24.76056,
  "LATITUDE": 59.44312,
  "COG": 256.9,
  "SOG": 0,
  "HEADING": 73,
  "ROT": 128,
  "NAVSTAT": 15,
  "IMO": 0,
  "NAME": "LILLE OE",
  "CALLSIGN": "DH8613",
  "TYPE": 36,
  "A": 9,
  "B": 1,
  "C": 2,
  "D": 2,
  "DRAUGHT": 0,
  "DEST": "",
  "ETA": "00-00 00:00"
}