{
  "MMSI": 211692440,
  "TIME": "2023-09-25 17:59:42 GMT",
  "LONGITUDE": 13.06437,
  "LATITUDE": 52.44377,
  "COG": 42.9,
  "SOG": 0,
  "HEADING": 118,
  "ROT": 0,
  "NAVSTAT": 0,
  "IMO": 0,
  "NAME": "LILLE OE",
  "CALLSIGN": "DH8613",
  "TYPE": 36,
  "A": 9,
  "B": 1,
  "C": 2,
  "D": 2,
  "DRAUGHT": 0,
  "DEST": "",
  "ETA": "00-00 00:00"
}