{
  "MMSI": 211692440,
  "TIME": "2022-11-22 01:14:54 GMT",
  "LONGITUDE": 13.19616,
  "LATITUDE": 52.47068,
  "COG": 318.1,
  "SOG": 0,
  "HEADING": 123,
  "ROT": 128,
  "NAVSTAT": 15,
  "IMO": 0,
  "NAME": "LILLE OE",
  "CALLSIGN": "DH8613",
  "TYPE": 36,
  "A": 9,
  "B": 1,
  "C": 2,
  "D": 2,
  "DRAUGHT": 0,
  "DEST": "",
  "ETA": "00-00 00:00"
}