{
  "MMSI": 211692440,
  "TIME": "2022-09-19 01:46:46 GMT",
  "LONGITUDE": 13.19327,
  "LATITUDE": 52.51116,
  "COG": 0.3,
  "SOG": 0,
  "HEADING": 104,
  "ROT": 128,
  "NAVSTAT": 15,
  "IMO": 0,
  "NAME": "LILLE OE",
  "CALLSIGN": "DH8613",
  "TYPE": 36,
  "A": 9,
  "B": 1,
  "C": 2,
  "D": 2,
  "DRAUGHT": 0,
  "DEST": "",
  "ETA": "00-00 00:00"
}