{
  "MMSI": 211692440,
  "TIME": "2022-11-06 12:26:44 GMT",
  "LONGITUDE": 13.20051,
  "LATITUDE": 52.49757,
  "COG": 360,
  "SOG": 0.2,
  "HEADING": 173,
  "ROT": 128,
  "NAVSTAT": 15,
  "IMO": 0,
  "NAME": "LILLE OE",
  "CALLSIGN": "DH8613",
  "TYPE": 36,
  "A": 7,
  "B": 3,
  "C": 2,
  "D": 1,
  "DRAUGHT": 0,
  "DEST": "",
  "ETA": "00-00 00:00"
}