{
  "MMSI": 211692440,
  "TIME": "2023-09-18 12:08:43 GMT",
  "LONGITUDE": 13.85184,
  "LATITUDE": 52.85916,
  "COG": 267.2,
  "SOG": 5.2,
  "HEADING": 271,
  "ROT": 0,
  "NAVSTAT": 0,
  "IMO": 0,
  "NAME": "LILLE OE",
  "CALLSIGN": "DH8613",
  "TYPE": 36,
  "A": 9,
  "B": 1,
  "C": 2,
  "D": 2,
  "DRAUGHT": 0,
  "DEST": "",
  "ETA": "00-00 00:00"
}