{
  "MMSI": 211692440,
  "TIME": "2023-04-09 12:22:26 GMT",
  "LONGITUDE": 14.51139,
  "LATITUDE": 53.35677,
  "COG": 35.8,
  "SOG": 5.8,
  "HEADING": 32,
  "ROT": 128,
  "NAVSTAT": 15,
  "IMO": 0,
  "NAME": "LILLE OE",
  "CALLSIGN": "DH8613",
  "TYPE": 36,
  "A": 9,
  "B": 1,
  "C": 2,
  "D": 2,
  "DRAUGHT": 0,
  "DEST": "",
  "ETA": "00-00 00:00"
}