{
  "MMSI": 211692440,
  "TIME": "2022-06-14 12:46:51 GMT",
  "LONGITUDE": 22.15346,
  "LATITUDE": 60.08502,
  "COG": 28.2,
  "SOG": 0,
  "HEADING": 147,
  "ROT": 128,
  "NAVSTAT": 15,
  "IMO": 0,
  "NAME": "LILLE OE",
  "CALLSIGN": "DH8613",
  "TYPE": 36,
  "A": 9,
  "B": 1,
  "C": 2,
  "D": 2,
  "DRAUGHT": 0,
  "DEST": "",
  "ETA": "00-00 00:00"
}