{
  "MMSI": 211692440,
  "TIME": "2022-05-14 12:47:56 GMT",
  "LONGITUDE": 16.49194,
  "LATITUDE": 57.20129,
  "COG": 275.2,
  "SOG": 5,
  "HEADING": 268,
  "ROT": 128,
  "NAVSTAT": 15,
  "IMO": 0,
  "NAME": "LILLE OE",
  "CALLSIGN": "DH8613",
  "TYPE": 36,
  "A": 9,
  "B": 1,
  "C": 2,
  "D": 2,
  "DRAUGHT": 0,
  "DEST": "",
  "ETA": "00-00 00:00"
}