{
  "MMSI": 211692440,
  "TIME": "2022-04-21 18:30:53 GMT",
  "LONGITUDE": 14.07196,
  "LATITUDE": 52.86387,
  "COG": 231.8,
  "SOG": 0,
  "HEADING": 245,
  "ROT": 128,
  "NAVSTAT": 15,
  "IMO": 0,
  "NAME": "LILLE OE",
  "CALLSIGN": "DH8613",
  "TYPE": 36,
  "A": 9,
  "B": 1,
  "C": 2,
  "D": 2,
  "DRAUGHT": 0,
  "DEST": "",
  "ETA": "00-00 00:00"
}