{
  "MMSI": 211692440,
  "TIME": "2022-09-10 16:20:02 GMT",
  "LONGITUDE": 16.00145,
  "LATITUDE": 56.09996,
  "COG": 204.9,
  "SOG": 3.9,
  "HEADING": 199,
  "ROT": 128,
  "NAVSTAT": 15,
  "IMO": 0,
  "NAME": "LILLE OE",
  "CALLSIGN": "DH8613",
  "TYPE": 36,
  "A": 9,
  "B": 1,
  "C": 2,
  "D": 2,
  "DRAUGHT": 0,
  "DEST": "",
  "ETA": "00-00 00:00"
}