{
  "MMSI": 211692440,
  "TIME": "2023-08-12 17:38:55 GMT",
  "LONGITUDE": 20.07864,
  "LATITUDE": 60.22938,
  "COG": 180.8,
  "SOG": 1.6,
  "HEADING": 298,
  "ROT": 0,
  "NAVSTAT": 0,
  "IMO": 0,
  "NAME": "LILLE OE",
  "CALLSIGN": "DH8613",
  "TYPE": 36,
  "A": 9,
  "B": 1,
  "C": 2,
  "D": 2,
  "DRAUGHT": 0,
  "DEST": "",
  "ETA": "00-00 00:00"
}