{
  "MMSI": 211692440,
  "TIME": "2022-05-06 18:28:46 GMT",
  "LONGITUDE": 15.77289,
  "LATITUDE": 56.08067,
  "COG": 360,
  "SOG": 0.1,
  "HEADING": 265,
  "ROT": 128,
  "NAVSTAT": 15,
  "IMO": 0,
  "NAME": "LILLE OE",
  "CALLSIGN": "DH8613",
  "TYPE": 36,
  "A": 9,
  "B": 1,
  "C": 2,
  "D": 2,
  "DRAUGHT": 0,
  "DEST": "",
  "ETA": "00-00 00:00"
}