{
  "MMSI": 211692440,
  "TIME": "2023-08-23 00:22:07 GMT",
  "LONGITUDE": 16.36327,
  "LATITUDE": 56.66038,
  "COG": 183.5,
  "SOG": 0,
  "HEADING": 12,
  "ROT": 128,
  "NAVSTAT": 15,
  "IMO": 0,
  "NAME": "LILLE OE",
  "CALLSIGN": "DH8613",
  "TYPE": 36,
  "A": 9,
  "B": 1,
  "C": 2,
  "D": 2,
  "DRAUGHT": 0,
  "DEST": "",
  "ETA": "00-00 00:00"
}