{
  "MMSI": 211692440,
  "TIME": "2023-07-27 11:43:22 GMT",
  "LONGITUDE": 24.38036,
  "LATITUDE": 59.94227,
  "COG": 199.1,
  "SOG": 4.3,
  "HEADING": 201,
  "ROT": 128,
  "NAVSTAT": 15,
  "IMO": 0,
  "NAME": "LILLE OE",
  "CALLSIGN": "DH8613",
  "TYPE": 36,
  "A": 9,
  "B": 1,
  "C": 2,
  "D": 2,
  "DRAUGHT": 0,
  "DEST": "",
  "ETA": "00-00 00:00"
}