{
  "MMSI": 211692440,
  "TIME": "2022-08-24 01:25:29 GMT",
  "LONGITUDE": 18.40029,
  "LATITUDE": 59.23796,
  "COG": 107,
  "SOG": 0,
  "HEADING": 12,
  "ROT": 128,
  "NAVSTAT": 15,
  "IMO": 0,
  "NAME": "LILLE OE",
  "CALLSIGN": "DH8613",
  "TYPE": 36,
  "A": 9,
  "B": 1,
  "C": 2,
  "D": 2,
  "DRAUGHT": 0,
  "DEST": "",
  "ETA": "00-00 00:00"
}