{
  "MMSI": 211692440,
  "TIME": "2023-04-09 14:10:43 GMT",
  "LONGITUDE": 14.62657,
  "LATITUDE": 53.39751,
  "COG": 360,
  "SOG": 0.2,
  "HEADING": 282,
  "ROT": 128,
  "NAVSTAT": 15,
  "IMO": 0,
  "NAME": "LILLE OE",
  "CALLSIGN": "DH8613",
  "TYPE": 36,
  "A": 9,
  "B": 1,
  "C": 2,
  "D": 2,
  "DRAUGHT": 0,
  "DEST": "",
  "ETA": "00-00 00:00"
}