{
  "MMSI": 211692440,
  "TIME": "2022-06-07 12:48:20 GMT",
  "LONGITUDE": 22.00797,
  "LATITUDE": 60.41156,
  "COG": 321.9,
  "SOG": 5.4,
  "HEADING": 326,
  "ROT": 128,
  "NAVSTAT": 15,
  "IMO": 0,
  "NAME": "LILLE OE",
  "CALLSIGN": "DH8613",
  "TYPE": 36,
  "A": 9,
  "B": 1,
  "C": 2,
  "D": 2,
  "DRAUGHT": 0,
  "DEST": "",
  "ETA": "00-00 00:00"
}