{
  "MMSI": 211692440,
  "TIME": "2022-08-14 06:29:13 GMT",
  "LONGITUDE": 23.42437,
  "LATITUDE": 59.85731,
  "COG": 51.5,
  "SOG": 0,
  "HEADING": 182,
  "ROT": 128,
  "NAVSTAT": 15,
  "IMO": 0,
  "NAME": "LILLE OE",
  "CALLSIGN": "DH8613",
  "TYPE": 36,
  "A": 9,
  "B": 1,
  "C": 2,
  "D": 2,
  "DRAUGHT": 0,
  "DEST": "",
  "ETA": "00-00 00:00"
}