{
  "MMSI": 211692440,
  "TIME": "2022-08-25 08:19:44 GMT",
  "LONGITUDE": 18.40218,
  "LATITUDE": 59.22879,
  "COG": 202.9,
  "SOG": 3.7,
  "HEADING": 201,
  "ROT": 128,
  "NAVSTAT": 15,
  "IMO": 0,
  "NAME": "LILLE OE",
  "CALLSIGN": "DH8613",
  "TYPE": 36,
  "A": 9,
  "B": 1,
  "C": 2,
  "D": 2,
  "DRAUGHT": 0,
  "DEST": "",
  "ETA": "00-00 00:00"
}