{
  "MMSI": 211692440,
  "TIME": "2026-07-23 18:53:44 GMT",
  "LONGITUDE": -149.62286,
  "LATITUDE": -17.55474,
  "COG": 0,
  "SOG": 0.1,
  "HEADING": 23,
  "ROT": 128,
  "PAC": 0,
  "NAVSTAT": 15,
  "IMO": 0,
  "NAME": "LILLE OE",
  "CALLSIGN": "DH8613",
  "TYPE": 36,
  "A": 9,
  "B": 0,
  "C": 2,
  "D": 2,
  "DRAUGHT": 0,
  "DEST": "",
  "ETA": "00-00 00:00"
}