{
  "MMSI": 211692440,
  "TIME": "2023-10-23 17:59:37 GMT",
  "LONGITUDE": 13.20152,
  "LATITUDE": 52.49902,
  "COG": 63.5,
  "SOG": 0,
  "HEADING": 100,
  "ROT": 0,
  "NAVSTAT": 0,
  "IMO": 0,
  "NAME": "LILLE OE",
  "CALLSIGN": "DH8613",
  "TYPE": 36,
  "A": 7,
  "B": 3,
  "C": 2,
  "D": 1,
  "DRAUGHT": 0,
  "DEST": "",
  "ETA": "00-00 00:00"
}