{
  "MMSI": 211692440,
  "TIME": "2023-01-13 01:01:39 GMT",
  "LONGITUDE": 13.19365,
  "LATITUDE": 52.51101,
  "COG": 310.1,
  "SOG": 0,
  "HEADING": 2,
  "ROT": 128,
  "NAVSTAT": 15,
  "IMO": 0,
  "NAME": "LILLE OE",
  "CALLSIGN": "DH8613",
  "TYPE": 36,
  "A": 9,
  "B": 1,
  "C": 2,
  "D": 2,
  "DRAUGHT": 0,
  "DEST": "",
  "ETA": "00-00 00:00"
}