{
  "MMSI": 211692440,
  "TIME": "2023-12-25 12:08:09 GMT",
  "LONGITUDE": 13.19009,
  "LATITUDE": 52.48592,
  "COG": 181.7,
  "SOG": 3.8,
  "HEADING": 179,
  "ROT": 128,
  "NAVSTAT": 15,
  "IMO": 0,
  "NAME": "LILLE OE",
  "CALLSIGN": "DH8613",
  "TYPE": 36,
  "A": 7,
  "B": 3,
  "C": 2,
  "D": 1,
  "DRAUGHT": 0,
  "DEST": "",
  "ETA": "00-00 00:00"
}