{
  "MMSI": 211692440,
  "TIME": "2023-02-27 14:12:19 GMT",
  "LONGITUDE": 13.19612,
  "LATITUDE": 52.47025,
  "COG": 38.8,
  "SOG": 1.1,
  "HEADING": 31,
  "ROT": 128,
  "NAVSTAT": 15,
  "IMO": 0,
  "NAME": "LILLE OE",
  "CALLSIGN": "DH8613",
  "TYPE": 36,
  "A": 9,
  "B": 1,
  "C": 2,
  "D": 2,
  "DRAUGHT": 0,
  "DEST": "",
  "ETA": "00-00 00:00"
}