{
  "MMSI": 211692440,
  "TIME": "2022-08-18 01:27:04 GMT",
  "LONGITUDE": 21.55655,
  "LATITUDE": 60.17393,
  "COG": 301.5,
  "SOG": 0,
  "HEADING": 30,
  "ROT": 128,
  "NAVSTAT": 15,
  "IMO": 0,
  "NAME": "LILLE OE",
  "CALLSIGN": "DH8613",
  "TYPE": 36,
  "A": 9,
  "B": 1,
  "C": 2,
  "D": 2,
  "DRAUGHT": 0,
  "DEST": "",
  "ETA": "00-00 00:00"
}