{
  "MMSI": 211692440,
  "TIME": "2022-09-06 01:46:58 GMT",
  "LONGITUDE": 16.82077,
  "LATITUDE": 57.95671,
  "COG": 244.5,
  "SOG": 0,
  "HEADING": 279,
  "ROT": 128,
  "NAVSTAT": 15,
  "IMO": 0,
  "NAME": "LILLE OE",
  "CALLSIGN": "DH8613",
  "TYPE": 36,
  "A": 9,
  "B": 1,
  "C": 2,
  "D": 2,
  "DRAUGHT": 0,
  "DEST": "",
  "ETA": "00-00 00:00"
}