{
  "MMSI": 211692440,
  "TIME": "2022-07-15 12:47:40 GMT",
  "LONGITUDE": 23.04043,
  "LATITUDE": 59.80247,
  "COG": 321.9,
  "SOG": 4.5,
  "HEADING": 311,
  "ROT": 128,
  "NAVSTAT": 15,
  "IMO": 0,
  "NAME": "LILLE OE",
  "CALLSIGN": "DH8613",
  "TYPE": 36,
  "A": 7,
  "B": 3,
  "C": 2,
  "D": 1,
  "DRAUGHT": 0,
  "DEST": "",
  "ETA": "00-00 00:00"
}