{
  "MMSI": 211692440,
  "TIME": "2023-09-24 12:05:36 GMT",
  "LONGITUDE": 13.13817,
  "LATITUDE": 52.43872,
  "COG": 130.2,
  "SOG": 0,
  "HEADING": 71,
  "ROT": 0,
  "NAVSTAT": 0,
  "IMO": 0,
  "NAME": "LILLE OE",
  "CALLSIGN": "DH8613",
  "TYPE": 36,
  "A": 7,
  "B": 3,
  "C": 2,
  "D": 1,
  "DRAUGHT": 0,
  "DEST": "",
  "ETA": "00-00 00:00"
}