{
  "MMSI": 211692440,
  "TIME": "2022-09-07 01:42:53 GMT",
  "LONGITUDE": 16.69762,
  "LATITUDE": 57.53654,
  "COG": 181.9,
  "SOG": 0,
  "HEADING": 166,
  "ROT": 128,
  "NAVSTAT": 15,
  "IMO": 0,
  "NAME": "LILLE OE",
  "CALLSIGN": "DH8613",
  "TYPE": 36,
  "A": 9,
  "B": 1,
  "C": 2,
  "D": 2,
  "DRAUGHT": 0,
  "DEST": "",
  "ETA": "00-00 00:00"
}