{
  "MMSI": 211692440,
  "TIME": "2023-09-12 18:00:30 GMT",
  "LONGITUDE": 16.28347,
  "LATITUDE": 56.25924,
  "COG": 197.9,
  "SOG": 4.6,
  "HEADING": 208,
  "ROT": 0,
  "NAVSTAT": 0,
  "IMO": 0,
  "NAME": "LILLE OE",
  "CALLSIGN": "DH8613",
  "TYPE": 36,
  "A": 7,
  "B": 3,
  "C": 2,
  "D": 1,
  "DRAUGHT": 0,
  "DEST": "",
  "ETA": "00-00 00:00"
}