{
  "MMSI": 211692440,
  "TIME": "2022-08-07 06:28:00 GMT",
  "LONGITUDE": 26.04079,
  "LATITUDE": 60.30354,
  "COG": 168.3,
  "SOG": 0,
  "HEADING": 341,
  "ROT": 128,
  "NAVSTAT": 15,
  "IMO": 0,
  "NAME": "LILLE OE",
  "CALLSIGN": "DH8613",
  "TYPE": 36,
  "A": 9,
  "B": 1,
  "C": 2,
  "D": 2,
  "DRAUGHT": 0,
  "DEST": "",
  "ETA": "00-00 00:00"
}