{
  "MMSI": 211692440,
  "TIME": "2022-08-02 06:29:25 GMT",
  "LONGITUDE": 26.04082,
  "LATITUDE": 60.30299,
  "COG": 231.7,
  "SOG": 0.8,
  "HEADING": 47,
  "ROT": 128,
  "NAVSTAT": 15,
  "IMO": 0,
  "NAME": "LILLE OE",
  "CALLSIGN": "DH8613",
  "TYPE": 36,
  "A": 9,
  "B": 1,
  "C": 2,
  "D": 2,
  "DRAUGHT": 0,
  "DEST": "",
  "ETA": "00-00 00:00"
}