{
  "MMSI": 211692440,
  "TIME": "2023-09-13 12:08:11 GMT",
  "LONGITUDE": 15.42553,
  "LATITUDE": 55.24978,
  "COG": 212,
  "SOG": 4.7,
  "HEADING": 213,
  "ROT": 128,
  "NAVSTAT": 15,
  "IMO": 0,
  "NAME": "LILLE OE",
  "CALLSIGN": "DH8613",
  "TYPE": 36,
  "A": 9,
  "B": 1,
  "C": 2,
  "D": 2,
  "DRAUGHT": 0,
  "DEST": "",
  "ETA": "00-00 00:00"
}