{
  "MMSI": 211692440,
  "TIME": "2022-09-14 01:23:43 GMT",
  "LONGITUDE": 14.62654,
  "LATITUDE": 53.39774,
  "COG": 116.2,
  "SOG": 0,
  "HEADING": 8,
  "ROT": 128,
  "NAVSTAT": 15,
  "IMO": 0,
  "NAME": "LILLE OE",
  "CALLSIGN": "DH8613",
  "TYPE": 36,
  "A": 9,
  "B": 1,
  "C": 2,
  "D": 2,
  "DRAUGHT": 0,
  "DEST": "",
  "ETA": "00-00 00:00"
}