{
  "MMSI": 211692440,
  "TIME": "2022-10-08 16:21:52 GMT",
  "LONGITUDE": 13.19335,
  "LATITUDE": 52.51114,
  "COG": 139.6,
  "SOG": 0,
  "HEADING": 139,
  "ROT": 128,
  "NAVSTAT": 15,
  "IMO": 0,
  "NAME": "LILLE OE",
  "CALLSIGN": "DH8613",
  "TYPE": 36,
  "A": 9,
  "B": 0,
  "C": 2,
  "D": 2,
  "DRAUGHT": 0,
  "DEST": "",
  "ETA": "00-00 00:00"
}