{
  "MMSI": 211692440,
  "TIME": "2022-05-30 02:17:24 GMT",
  "LONGITUDE": 18.29277,
  "LATITUDE": 58.95844,
  "COG": 360,
  "SOG": 0.1,
  "HEADING": 125,
  "ROT": 128,
  "NAVSTAT": 15,
  "IMO": 0,
  "NAME": "LILLE OE",
  "CALLSIGN": "DH8613",
  "TYPE": 36,
  "A": 9,
  "B": 1,
  "C": 2,
  "D": 2,
  "DRAUGHT": 0,
  "DEST": "",
  "ETA": "00-00 00:00"
}