{
  "MMSI": 211692440,
  "TIME": "2022-06-17 18:31:32 GMT",
  "LONGITUDE": 23.20318,
  "LATITUDE": 59.83629,
  "COG": 0.4,
  "SOG": 0,
  "HEADING": 248,
  "ROT": 128,
  "NAVSTAT": 15,
  "IMO": 0,
  "NAME": "LILLE OE",
  "CALLSIGN": "DH8613",
  "TYPE": 36,
  "A": 9,
  "B": 1,
  "C": 2,
  "D": 2,
  "DRAUGHT": 0,
  "DEST": "",
  "ETA": "00-00 00:00"
}