{
  "MMSI": 211692440,
  "TIME": "2022-09-06 08:18:36 GMT",
  "LONGITUDE": 16.81809,
  "LATITUDE": 57.91707,
  "COG": 177.7,
  "SOG": 3.1,
  "HEADING": 176,
  "ROT": 128,
  "NAVSTAT": 15,
  "IMO": 0,
  "NAME": "LILLE OE",
  "CALLSIGN": "DH8613",
  "TYPE": 36,
  "A": 9,
  "B": 1,
  "C": 2,
  "D": 2,
  "DRAUGHT": 0,
  "DEST": "",
  "ETA": "00-00 00:00"
}