{
  "MMSI": 211692440,
  "TIME": "2023-09-17 12:07:11 GMT",
  "LONGITUDE": 14.33452,
  "LATITUDE": 53.09948,
  "COG": 198.9,
  "SOG": 5.2,
  "HEADING": 195,
  "ROT": 0,
  "NAVSTAT": 0,
  "IMO": 0,
  "NAME": "LILLE OE",
  "CALLSIGN": "DH8613",
  "TYPE": 36,
  "A": 9,
  "B": 1,
  "C": 2,
  "D": 2,
  "DRAUGHT": 0,
  "DEST": "",
  "ETA": "00-00 00:00"
}