{
  "MMSI": 211692440,
  "TIME": "2022-07-05 06:28:21 GMT",
  "LONGITUDE": 23.98329,
  "LATITUDE": 59.97843,
  "COG": 200.5,
  "SOG": 0,
  "HEADING": 97,
  "ROT": 128,
  "NAVSTAT": 15,
  "IMO": 0,
  "NAME": "LILLE OE",
  "CALLSIGN": "DH8613",
  "TYPE": 36,
  "A": 9,
  "B": 1,
  "C": 2,
  "D": 2,
  "DRAUGHT": 0,
  "DEST": "",
  "ETA": "00-00 00:00"
}