{
  "MMSI": 211692440,
  "TIME": "2023-08-22 12:08:08 GMT",
  "LONGITUDE": 16.88427,
  "LATITUDE": 57.22394,
  "COG": 174.7,
  "SOG": 2,
  "HEADING": 198,
  "ROT": 128,
  "NAVSTAT": 15,
  "IMO": 0,
  "NAME": "LILLE OE",
  "CALLSIGN": "DH8613",
  "TYPE": 36,
  "A": 7,
  "B": 3,
  "C": 2,
  "D": 1,
  "DRAUGHT": 0,
  "DEST": "",
  "ETA": "00-00 00:00"
}