{
  "MMSI": 211692440,
  "TIME": "2022-12-18 20:10:05 GMT",
  "LONGITUDE": 13.19366,
  "LATITUDE": 52.51101,
  "COG": 119.9,
  "SOG": 0,
  "HEADING": 10,
  "ROT": 128,
  "NAVSTAT": 15,
  "IMO": 0,
  "NAME": "LILLE OE",
  "CALLSIGN": "DH8613",
  "TYPE": 36,
  "A": 7,
  "B": 3,
  "C": 2,
  "D": 1,
  "DRAUGHT": 0,
  "DEST": "",
  "ETA": "00-00 00:00"
}