{
  "MMSI": 211692440,
  "TIME": "2022-08-22 20:13:28 GMT",
  "LONGITUDE": 18.63768,
  "LATITUDE": 59.39763,
  "COG": 81.7,
  "SOG": 0,
  "HEADING": 167,
  "ROT": 128,
  "NAVSTAT": 15,
  "IMO": 0,
  "NAME": "LILLE OE",
  "CALLSIGN": "DH8613",
  "TYPE": 36,
  "A": 9,
  "B": 1,
  "C": 2,
  "D": 2,
  "DRAUGHT": 0,
  "DEST": "",
  "ETA": "00-00 00:00"
}