{
  "MMSI": 211692440,
  "TIME": "2022-07-10 12:39:47 GMT",
  "LONGITUDE": 24.96474,
  "LATITUDE": 60.17287,
  "COG": 213.2,
  "SOG": 0,
  "HEADING": 280,
  "ROT": 128,
  "NAVSTAT": 15,
  "IMO": 0,
  "NAME": "LILLE OE",
  "CALLSIGN": "DH8613",
  "TYPE": 36,
  "A": 7,
  "B": 3,
  "C": 2,
  "D": 1,
  "DRAUGHT": 0,
  "DEST": "",
  "ETA": "00-00 00:00"
}