{
  "MMSI": 211692440,
  "TIME": "2022-06-17 12:46:09 GMT",
  "LONGITUDE": 23.03729,
  "LATITUDE": 59.79704,
  "COG": 89.1,
  "SOG": 4,
  "HEADING": 78,
  "ROT": 128,
  "NAVSTAT": 15,
  "IMO": 0,
  "NAME": "LILLE OE",
  "CALLSIGN": "DH8613",
  "TYPE": 36,
  "A": 9,
  "B": 1,
  "C": 2,
  "D": 2,
  "DRAUGHT": 0,
  "DEST": "",
  "ETA": "00-00 00:00"
}