{
  "MMSI": 211692440,
  "TIME": "2023-04-09 04:15:41 GMT",
  "LONGITUDE": 13.96484,
  "LATITUDE": 52.85436,
  "COG": 59.3,
  "SOG": 5.3,
  "HEADING": 54,
  "ROT": 128,
  "NAVSTAT": 15,
  "IMO": 0,
  "NAME": "LILLE OE",
  "CALLSIGN": "DH8613",
  "TYPE": 36,
  "A": 9,
  "B": 1,
  "C": 2,
  "D": 2,
  "DRAUGHT": 0,
  "DEST": "",
  "ETA": "00-00 00:00"
}