{
  "MMSI": 211692440,
  "TIME": "2022-07-22 12:48:53 GMT",
  "LONGITUDE": 22.26982,
  "LATITUDE": 59.88667,
  "COG": 83.2,
  "SOG": 3.4,
  "HEADING": 81,
  "ROT": 128,
  "NAVSTAT": 15,
  "IMO": 0,
  "NAME": "LILLE OE",
  "CALLSIGN": "DH8613",
  "TYPE": 36,
  "A": 9,
  "B": 1,
  "C": 2,
  "D": 2,
  "DRAUGHT": 0,
  "DEST": "",
  "ETA": "00-00 00:00"
}