{
  "MMSI": 211692440,
  "TIME": "2022-09-04 12:28:42 GMT",
  "LONGITUDE": 16.93387,
  "LATITUDE": 58.42081,
  "COG": 183.3,
  "SOG": 4.2,
  "HEADING": 176,
  "ROT": 128,
  "NAVSTAT": 15,
  "IMO": 0,
  "NAME": "LILLE OE",
  "CALLSIGN": "DH8613",
  "TYPE": 36,
  "A": 9,
  "B": 1,
  "C": 2,
  "D": 2,
  "DRAUGHT": 0,
  "DEST": "",
  "ETA": "00-00 00:00"
}