{
  "MMSI": 211692440,
  "TIME": "2022-07-13 06:30:55 GMT",
  "LONGITUDE": 24.67827,
  "LATITUDE": 59.51825,
  "COG": 316.5,
  "SOG": 5.3,
  "HEADING": 319,
  "ROT": 128,
  "NAVSTAT": 15,
  "IMO": 0,
  "NAME": "LILLE OE",
  "CALLSIGN": "DH8613",
  "TYPE": 36,
  "A": 9,
  "B": 1,
  "C": 2,
  "D": 2,
  "DRAUGHT": 0,
  "DEST": "",
  "ETA": "00-00 00:00"
}