{
  "MMSI": 211692440,
  "TIME": "2022-06-09 12:48:37 GMT",
  "LONGITUDE": 22.24603,
  "LATITUDE": 60.44053,
  "COG": 360,
  "SOG": 0.2,
  "HEADING": 321,
  "ROT": 128,
  "NAVSTAT": 15,
  "IMO": 0,
  "NAME": "LILLE OE",
  "CALLSIGN": "DH8613",
  "TYPE": 36,
  "A": 9,
  "B": 1,
  "C": 2,
  "D": 2,
  "DRAUGHT": 0,
  "DEST": "",
  "ETA": "00-00 00:00"
}