{
  "MMSI": 211692440,
  "TIME": "2022-11-27 12:22:38 GMT",
  "LONGITUDE": 13.16507,
  "LATITUDE": 52.45934,
  "COG": 185.3,
  "SOG": 0,
  "HEADING": 270,
  "ROT": 128,
  "NAVSTAT": 15,
  "IMO": 0,
  "NAME": "LILLE OE",
  "CALLSIGN": "DH8613",
  "TYPE": 36,
  "A": 9,
  "B": 1,
  "C": 2,
  "D": 2,
  "DRAUGHT": 0,
  "DEST": "",
  "ETA": "00-00 00:00"
}