{
  "MMSI": 211692440,
  "TIME": "2022-12-25 12:20:29 GMT",
  "LONGITUDE": 13.19252,
  "LATITUDE": 52.48268,
  "COG": 98.6,
  "SOG": 1.3,
  "HEADING": 106,
  "ROT": 128,
  "NAVSTAT": 15,
  "IMO": 0,
  "NAME": "LILLE OE",
  "CALLSIGN": "DH8613",
  "TYPE": 36,
  "A": 7,
  "B": 3,
  "C": 2,
  "D": 1,
  "DRAUGHT": 0,
  "DEST": "",
  "ETA": "00-00 00:00"
}