{
  "MMSI": 211692440,
  "TIME": "2023-06-14 00:27:39 GMT",
  "LONGITUDE": 20.80556,
  "LATITUDE": 63.06142,
  "COG": 360,
  "SOG": 0.1,
  "HEADING": 236,
  "ROT": 128,
  "NAVSTAT": 15,
  "IMO": 0,
  "NAME": "LILLE OE",
  "CALLSIGN": "DH8613",
  "TYPE": 36,
  "A": 7,
  "B": 3,
  "C": 2,
  "D": 1,
  "DRAUGHT": 0,
  "DEST": "",
  "ETA": "00-00 00:00"
}