{
  "MMSI": 211692440,
  "TIME": "2022-08-31 08:17:29 GMT",
  "LONGITUDE": 17.95249,
  "LATITUDE": 58.90049,
  "COG": 310.8,
  "SOG": 0,
  "HEADING": 320,
  "ROT": 128,
  "NAVSTAT": 15,
  "IMO": 0,
  "NAME": "LILLE OE",
  "CALLSIGN": "DH8613",
  "TYPE": 36,
  "A": 7,
  "B": 3,
  "C": 2,
  "D": 1,
  "DRAUGHT": 0,
  "DEST": "",
  "ETA": "00-00 00:00"
}