{
  "MMSI": 211692440,
  "TIME": "2022-06-22 12:47:09 GMT",
  "LONGITUDE": 23.62161,
  "LATITUDE": 59.87044,
  "COG": 47.5,
  "SOG": 3.1,
  "HEADING": 44,
  "ROT": 128,
  "NAVSTAT": 15,
  "IMO": 0,
  "NAME": "LILLE OE",
  "CALLSIGN": "DH8613",
  "TYPE": 36,
  "A": 9,
  "B": 1,
  "C": 2,
  "D": 2,
  "DRAUGHT": 0,
  "DEST": "",
  "ETA": "00-00 00:00"
}