{
  "MMSI": 211692440,
  "TIME": "2023-04-16 12:20:34 GMT",
  "LONGITUDE": 13.32979,
  "LATITUDE": 54.23242,
  "COG": 274.2,
  "SOG": 5.5,
  "HEADING": 279,
  "ROT": 128,
  "NAVSTAT": 15,
  "IMO": 0,
  "NAME": "LILLE OE",
  "CALLSIGN": "DH8613",
  "TYPE": 36,
  "A": 9,
  "B": 1,
  "C": 2,
  "D": 2,
  "DRAUGHT": 0,
  "DEST": "",
  "ETA": "00-00 00:00"
}