{
  "MMSI": 211692440,
  "TIME": "2023-05-19 00:25:02 GMT",
  "LONGITUDE": 18.97521,
  "LATITUDE": 60.17118,
  "COG": 345.1,
  "SOG": 3.2,
  "HEADING": 351,
  "ROT": 128,
  "NAVSTAT": 15,
  "IMO": 0,
  "NAME": "LILLE OE",
  "CALLSIGN": "DH8613",
  "TYPE": 36,
  "A": 7,
  "B": 3,
  "C": 2,
  "D": 1,
  "DRAUGHT": 0,
  "DEST": "",
  "ETA": "00-00 00:00"
}