{
  "MMSI": 211692440,
  "TIME": "2022-05-23 18:27:25 GMT",
  "LONGITUDE": 16.91261,
  "LATITUDE": 58.25207,
  "COG": 218.4,
  "SOG": 1.3,
  "HEADING": 203,
  "ROT": 128,
  "NAVSTAT": 15,
  "IMO": 0,
  "NAME": "LILLE OE",
  "CALLSIGN": "DH8613",
  "TYPE": 36,
  "A": 9,
  "B": 1,
  "C": 2,
  "D": 2,
  "DRAUGHT": 0,
  "DEST": "",
  "ETA": "00-00 00:00"
}