{
  "MMSI": 211692440,
  "TIME": "2023-01-14 16:12:01 GMT",
  "LONGITUDE": 13.10477,
  "LATITUDE": 52.42343,
  "COG": 197.5,
  "SOG": 0,
  "HEADING": 144,
  "ROT": 128,
  "NAVSTAT": 15,
  "IMO": 0,
  "NAME": "LILLE OE",
  "CALLSIGN": "DH8613",
  "TYPE": 36,
  "A": 9,
  "B": 1,
  "C": 2,
  "D": 2,
  "DRAUGHT": 0,
  "DEST": "",
  "ETA": "00-00 00:00"
}