{
  "MMSI": 211692440,
  "TIME": "2023-06-22 12:08:02 GMT",
  "LONGITUDE": 22.22851,
  "LATITUDE": 60.43296,
  "COG": 244.3,
  "SOG": 4.7,
  "HEADING": 244,
  "ROT": 128,
  "NAVSTAT": 15,
  "IMO": 0,
  "NAME": "LILLE OE",
  "CALLSIGN": "DH8613",
  "TYPE": 36,
  "A": 7,
  "B": 3,
  "C": 2,
  "D": 1,
  "DRAUGHT": 0,
  "DEST": "",
  "ETA": "00-00 00:00"
}