{
  "MMSI": 211692440,
  "TIME": "2026-07-11 07:25:57 GMT",
  "LONGITUDE": -145.61986,
  "LATITUDE": -16.06113,
  "COG": 265.1,
  "SOG": 0,
  "HEADING": 19,
  "ROT": 128,
  "PAC": 0,
  "NAVSTAT": 15,
  "IMO": 0,
  "NAME": "LILLE OE",
  "CALLSIGN": "DH8613",
  "TYPE": 36,
  "A": 7,
  "B": 3,
  "C": 2,
  "D": 1,
  "DRAUGHT": 0,
  "DEST": "",
  "ETA": "00-00 00:00"
}