{
  "MMSI": 211692440,
  "TIME": "2023-11-12 12:07:30 GMT",
  "LONGITUDE": 13.18923,
  "LATITUDE": 52.48085,
  "COG": 179.6,
  "SOG": 4.1,
  "HEADING": 179,
  "ROT": 0,
  "NAVSTAT": 0,
  "IMO": 0,
  "NAME": "LILLE OE",
  "CALLSIGN": "DH8613",
  "TYPE": 36,
  "A": 9,
  "B": 1,
  "C": 2,
  "D": 2,
  "DRAUGHT": 0,
  "DEST": "",
  "ETA": "00-00 00:00"
}