{
  "MMSI": 211692440,
  "TIME": "2024-09-09 11:52:46 GMT",
  "LONGITUDE": -8.93686,
  "LATITUDE": 42.58277,
  "COG": 48,
  "SOG": 0,
  "HEADING": 127,
  "ROT": 128,
  "PAC": 0,
  "NAVSTAT": 15,
  "IMO": 0,
  "NAME": "LILLE OE",
  "CALLSIGN": "DH8613",
  "TYPE": 36,
  "A": 9,
  "B": 1,
  "C": 2,
  "D": 2,
  "DRAUGHT": 0,
  "DEST": "",
  "ETA": "00-00 00:00"
}