{
  "MMSI": 211692440,
  "TIME": "2022-07-31 06:27:55 GMT",
  "LONGITUDE": 25.75697,
  "LATITUDE": 60.20517,
  "COG": 151.9,
  "SOG": 3,
  "HEADING": 149,
  "ROT": 128,
  "NAVSTAT": 15,
  "IMO": 0,
  "NAME": "LILLE OE",
  "CALLSIGN": "DH8613",
  "TYPE": 36,
  "A": 7,
  "B": 3,
  "C": 2,
  "D": 1,
  "DRAUGHT": 0,
  "DEST": "",
  "ETA": "00-00 00:00"
}