{
  "MMSI": 211692440,
  "TIME": "2022-04-20 18:28:52 GMT",
  "LONGITUDE": 13.60919,
  "LATITUDE": 52.85077,
  "COG": 61.6,
  "SOG": 0,
  "HEADING": 264,
  "ROT": 128,
  "NAVSTAT": 15,
  "IMO": 0,
  "NAME": "LILLE OE",
  "CALLSIGN": "DH8613",
  "TYPE": 36,
  "A": 9,
  "B": 1,
  "C": 2,
  "D": 2,
  "DRAUGHT": 0,
  "DEST": "",
  "ETA": "00-00 00:00"
}