{
  "MMSI": 211692440,
  "TIME": "2023-12-03 12:05:32 GMT",
  "LONGITUDE": 13.18981,
  "LATITUDE": 52.48577,
  "COG": 1.8,
  "SOG": 3,
  "HEADING": 356,
  "ROT": 128,
  "NAVSTAT": 15,
  "IMO": 0,
  "NAME": "LILLE OE",
  "CALLSIGN": "DH8613",
  "TYPE": 36,
  "A": 9,
  "B": 1,
  "C": 2,
  "D": 2,
  "DRAUGHT": 0,
  "DEST": "",
  "ETA": "00-00 00:00"
}