{
  "MMSI": 211692440,
  "TIME": "2022-11-09 12:33:30 GMT",
  "LONGITUDE": 13.19335,
  "LATITUDE": 52.51115,
  "COG": 360,
  "SOG": 0.1,
  "HEADING": 107,
  "ROT": 128,
  "NAVSTAT": 15,
  "IMO": 0,
  "NAME": "LILLE OE",
  "CALLSIGN": "DH8613",
  "TYPE": 36,
  "A": 7,
  "B": 3,
  "C": 2,
  "D": 1,
  "DRAUGHT": 0,
  "DEST": "",
  "ETA": "00-00 00:00"
}