{
  "MMSI": 211692440,
  "TIME": "2023-02-14 12:31:09 GMT",
  "LONGITUDE": 13.19296,
  "LATITUDE": 52.46868,
  "COG": 360,
  "SOG": 0.6,
  "HEADING": 268,
  "ROT": 128,
  "NAVSTAT": 15,
  "IMO": 0,
  "NAME": "LILLE OE",
  "CALLSIGN": "DH8613",
  "TYPE": 36,
  "A": 7,
  "B": 3,
  "C": 2,
  "D": 1,
  "DRAUGHT": 0,
  "DEST": "",
  "ETA": "00-00 00:00"
}