{
  "MMSI": 211692440,
  "TIME": "2023-09-17 17:59:43 GMT",
  "LONGITUDE": 14.29944,
  "LATITUDE": 53.05672,
  "COG": 310.3,
  "SOG": 0,
  "HEADING": 57,
  "ROT": 0,
  "NAVSTAT": 0,
  "IMO": 0,
  "NAME": "LILLE OE",
  "CALLSIGN": "DH8613",
  "TYPE": 36,
  "A": 9,
  "B": 1,
  "C": 2,
  "D": 2,
  "DRAUGHT": 0,
  "DEST": "",
  "ETA": "00-00 00:00"
}