{
  "MMSI": 211692440,
  "TIME": "2022-07-24 06:28:50 GMT",
  "LONGITUDE": 22.15333,
  "LATITUDE": 60.08497,
  "COG": 353.1,
  "SOG": 0,
  "HEADING": 152,
  "ROT": 128,
  "NAVSTAT": 15,
  "IMO": 0,
  "NAME": "LILLE OE",
  "CALLSIGN": "DH8613",
  "TYPE": 36,
  "A": 9,
  "B": 1,
  "C": 2,
  "D": 2,
  "DRAUGHT": 0,
  "DEST": "",
  "ETA": "00-00 00:00"
}