{
  "MMSI": 211692440,
  "TIME": "2023-04-02 12:22:37 GMT",
  "LONGITUDE": 13.19343,
  "LATITUDE": 52.51096,
  "COG": 236.4,
  "SOG": 0,
  "HEADING": 275,
  "ROT": 128,
  "NAVSTAT": 15,
  "IMO": 0,
  "NAME": "LILLE OE",
  "CALLSIGN": "DH8613",
  "TYPE": 36,
  "A": 9,
  "B": 0,
  "C": 2,
  "D": 2,
  "DRAUGHT": 0,
  "DEST": "",
  "ETA": "00-00 00:00"
}