{
  "MMSI": 211692440,
  "TIME": "2023-04-17 12:25:40 GMT",
  "LONGITUDE": 13.15356,
  "LATITUDE": 54.27991,
  "COG": 253.8,
  "SOG": 3.9,
  "HEADING": 256,
  "ROT": 128,
  "NAVSTAT": 15,
  "IMO": 0,
  "NAME": "LILLE OE",
  "CALLSIGN": "DH8613",
  "TYPE": 36,
  "A": 9,
  "B": 1,
  "C": 2,
  "D": 2,
  "DRAUGHT": 0,
  "DEST": "",
  "ETA": "00-00 00:00"
}