{
  "MMSI": 211692440,
  "TIME": "2022-11-25 01:05:43 GMT",
  "LONGITUDE": 13.19329,
  "LATITUDE": 52.51116,
  "COG": 52.5,
  "SOG": 0,
  "HEADING": 103,
  "ROT": 128,
  "NAVSTAT": 15,
  "IMO": 0,
  "NAME": "LILLE OE",
  "CALLSIGN": "DH8613",
  "TYPE": 36,
  "A": 7,
  "B": 3,
  "C": 2,
  "D": 1,
  "DRAUGHT": 0,
  "DEST": "",
  "ETA": "00-00 00:00"
}