{
  "MMSI": 211692440,
  "TIME": "2022-09-13 20:17:01 GMT",
  "LONGITUDE": 14.62656,
  "LATITUDE": 53.39774,
  "COG": 353.2,
  "SOG": 0,
  "HEADING": 8,
  "ROT": 128,
  "NAVSTAT": 15,
  "IMO": 0,
  "NAME": "LILLE OE",
  "CALLSIGN": "DH8613",
  "TYPE": 36,
  "A": 7,
  "B": 3,
  "C": 2,
  "D": 1,
  "DRAUGHT": 0,
  "DEST": "",
  "ETA": "00-00 00:00"
}