{
  "MMSI": 211692440,
  "TIME": "2022-07-27 02:31:06 GMT",
  "LONGITUDE": 23.35433,
  "LATITUDE": 59.86566,
  "COG": 215.4,
  "SOG": 0,
  "HEADING": 169,
  "ROT": 128,
  "NAVSTAT": 15,
  "IMO": 0,
  "NAME": "LILLE OE",
  "CALLSIGN": "DH8613",
  "TYPE": 36,
  "A": 9,
  "B": 1,
  "C": 2,
  "D": 2,
  "DRAUGHT": 0,
  "DEST": "",
  "ETA": "00-00 00:00"
}