{
  "MMSI": 211692440,
  "TIME": "2022-07-01 18:30:47 GMT",
  "LONGITUDE": 22.96737,
  "LATITUDE": 59.81877,
  "COG": 171.8,
  "SOG": 0,
  "HEADING": 107,
  "ROT": 128,
  "NAVSTAT": 15,
  "IMO": 0,
  "NAME": "LILLE OE",
  "CALLSIGN": "DH8613",
  "TYPE": 36,
  "A": 9,
  "B": 1,
  "C": 2,
  "D": 2,
  "DRAUGHT": 0,
  "DEST": "",
  "ETA": "00-00 00:00"
}