{
  "MMSI": 211692440,
  "TIME": "2022-06-01 12:54:19 GMT",
  "LONGITUDE": 19.12601,
  "LATITUDE": 59.53028,
  "COG": 45.4,
  "SOG": 5.8,
  "HEADING": 45,
  "ROT": 128,
  "NAVSTAT": 15,
  "IMO": 0,
  "NAME": "LILLE OE",
  "CALLSIGN": "DH8613",
  "TYPE": 36,
  "A": 9,
  "B": 1,
  "C": 2,
  "D": 2,
  "DRAUGHT": 0,
  "DEST": "",
  "ETA": "00-00 00:00"
}