{
  "MMSI": 211692440,
  "TIME": "2023-01-11 08:15:43 GMT",
  "LONGITUDE": 13.13642,
  "LATITUDE": 52.43972,
  "COG": 89.8,
  "SOG": 0,
  "HEADING": 183,
  "ROT": 128,
  "NAVSTAT": 15,
  "IMO": 0,
  "NAME": "LILLE OE",
  "CALLSIGN": "DH8613",
  "TYPE": 36,
  "A": 9,
  "B": 1,
  "C": 2,
  "D": 2,
  "DRAUGHT": 0,
  "DEST": "",
  "ETA": "00-00 00:00"
}