{
  "MMSI": 211692440,
  "TIME": "2022-09-14 12:31:57 GMT",
  "LONGITUDE": 14.62612,
  "LATITUDE": 53.39741,
  "COG": 78.5,
  "SOG": 0,
  "HEADING": 100,
  "ROT": 128,
  "NAVSTAT": 15,
  "IMO": 0,
  "NAME": "LILLE OE",
  "CALLSIGN": "DH8613",
  "TYPE": 36,
  "A": 9,
  "B": 1,
  "C": 2,
  "D": 2,
  "DRAUGHT": 0,
  "DEST": "",
  "ETA": "00-00 00:00"
}