{
  "MMSI": 211692440,
  "TIME": "2022-04-22 06:29:26 GMT",
  "LONGITUDE": 14.12859,
  "LATITUDE": 52.91807,
  "COG": 341,
  "SOG": 5.5,
  "HEADING": 345,
  "ROT": 128,
  "NAVSTAT": 15,
  "IMO": 0,
  "NAME": "LILLE OE",
  "CALLSIGN": "DH8613",
  "TYPE": 36,
  "A": 9,
  "B": 1,
  "C": 2,
  "D": 2,
  "DRAUGHT": 0,
  "DEST": "",
  "ETA": "00-00 00:00"
}