{
  "MMSI": 211692440,
  "TIME": "2022-07-13 12:47:26 GMT",
  "LONGITUDE": 23.95688,
  "LATITUDE": 59.69604,
  "COG": 298.4,
  "SOG": 6.2,
  "HEADING": 291,
  "ROT": 128,
  "NAVSTAT": 15,
  "IMO": 0,
  "NAME": "LILLE OE",
  "CALLSIGN": "DH8613",
  "TYPE": 36,
  "A": 9,
  "B": 1,
  "C": 2,
  "D": 2,
  "DRAUGHT": 0,
  "DEST": "",
  "ETA": "00-00 00:00"
}