{
  "MMSI": 211692440,
  "TIME": "2022-05-07 06:28:55 GMT",
  "LONGITUDE": 15.79762,
  "LATITUDE": 56.07916,
  "COG": 52.1,
  "SOG": 5,
  "HEADING": 56,
  "ROT": 128,
  "NAVSTAT": 15,
  "IMO": 0,
  "NAME": "LILLE OE",
  "CALLSIGN": "DH8613",
  "TYPE": 36,
  "A": 7,
  "B": 3,
  "C": 2,
  "D": 1,
  "DRAUGHT": 0,
  "DEST": "",
  "ETA": "00-00 00:00"
}