{
  "MMSI": 211692440,
  "TIME": "2022-09-05 12:28:03 GMT",
  "LONGITUDE": 16.87777,
  "LATITUDE": 58.11028,
  "COG": 197.4,
  "SOG": 3,
  "HEADING": 190,
  "ROT": 128,
  "NAVSTAT": 15,
  "IMO": 0,
  "NAME": "LILLE OE",
  "CALLSIGN": "DH8613",
  "TYPE": 36,
  "A": 9,
  "B": 1,
  "C": 2,
  "D": 2,
  "DRAUGHT": 0,
  "DEST": "",
  "ETA": "00-00 00:00"
}