{
  "MMSI": 211692440,
  "TIME": "2023-04-29 00:24:21 GMT",
  "LONGITUDE": 15.93141,
  "LATITUDE": 56.08271,
  "COG": 25.2,
  "SOG": 2.4,
  "HEADING": 35,
  "ROT": 128,
  "NAVSTAT": 15,
  "IMO": 0,
  "NAME": "LILLE OE",
  "CALLSIGN": "DH8613",
  "TYPE": 36,
  "A": 7,
  "B": 3,
  "C": 2,
  "D": 1,
  "DRAUGHT": 0,
  "DEST": "",
  "ETA": "00-00 00:00"
}