{
  "MMSI": 211692440,
  "TIME": "2022-08-21 04:29:11 GMT",
  "LONGITUDE": 19.13274,
  "LATITUDE": 59.75226,
  "COG": 213.2,
  "SOG": 0,
  "HEADING": 169,
  "ROT": 128,
  "NAVSTAT": 15,
  "IMO": 0,
  "NAME": "LILLE OE",
  "CALLSIGN": "DH8613",
  "TYPE": 36,
  "A": 9,
  "B": 1,
  "C": 2,
  "D": 2,
  "DRAUGHT": 0,
  "DEST": "",
  "ETA": "00-00 00:00"
}