{
  "MMSI": 211692440,
  "TIME": "2022-07-15 06:29:24 GMT",
  "LONGITUDE": 23.49568,
  "LATITUDE": 59.83633,
  "COG": 258.9,
  "SOG": 0.6,
  "HEADING": 261,
  "ROT": 128,
  "NAVSTAT": 15,
  "IMO": 0,
  "NAME": "LILLE OE",
  "CALLSIGN": "DH8613",
  "TYPE": 36,
  "A": 9,
  "B": 1,
  "C": 2,
  "D": 2,
  "DRAUGHT": 0,
  "DEST": "",
  "ETA": "00-00 00:00"
}