{
  "MMSI": 211692440,
  "TIME": "2022-06-05 01:45:39 GMT",
  "LONGITUDE": 21.81556,
  "LATITUDE": 60.31012,
  "COG": 360,
  "SOG": 0,
  "HEADING": 205,
  "ROT": 128,
  "NAVSTAT": 15,
  "IMO": 0,
  "NAME": "LILLE OE",
  "CALLSIGN": "DH8613",
  "TYPE": 36,
  "A": 9,
  "B": 1,
  "C": 2,
  "D": 2,
  "DRAUGHT": 0,
  "DEST": "",
  "ETA": "00-00 00:00"
}