{
  "MMSI": 211692440,
  "TIME": "2022-08-31 20:15:00 GMT",
  "LONGITUDE": 17.37668,
  "LATITUDE": 58.74383,
  "COG": 331.7,
  "SOG": 0,
  "HEADING": 319,
  "ROT": 128,
  "NAVSTAT": 15,
  "IMO": 0,
  "NAME": "LILLE OE",
  "CALLSIGN": "DH8613",
  "TYPE": 36,
  "A": 9,
  "B": 1,
  "C": 2,
  "D": 2,
  "DRAUGHT": 0,
  "DEST": "",
  "ETA": "00-00 00:00"
}