{
  "MMSI": 211692440,
  "TIME": "2022-08-18 12:29:35 GMT",
  "LONGITUDE": 21.38551,
  "LATITUDE": 60.15156,
  "COG": 202.2,
  "SOG": 0.7,
  "HEADING": 214,
  "ROT": 128,
  "NAVSTAT": 15,
  "IMO": 0,
  "NAME": "LILLE OE",
  "CALLSIGN": "DH8613",
  "TYPE": 36,
  "A": 9,
  "B": 1,
  "C": 2,
  "D": 2,
  "DRAUGHT": 0,
  "DEST": "",
  "ETA": "00-00 00:00"
}