{
  "MMSI": 211692440,
  "TIME": "2022-07-28 18:30:59 GMT",
  "LONGITUDE": 24.43979,
  "LATITUDE": 59.98066,
  "COG": 236.1,
  "SOG": 0,
  "HEADING": 324,
  "ROT": 128,
  "NAVSTAT": 15,
  "IMO": 0,
  "NAME": "LILLE OE",
  "CALLSIGN": "DH8613",
  "TYPE": 36,
  "A": 9,
  "B": 1,
  "C": 2,
  "D": 2,
  "DRAUGHT": 0,
  "DEST": "",
  "ETA": "00-00 00:00"
}