{
  "MMSI": 211692440,
  "TIME": "2022-09-08 05:19:30 GMT",
  "LONGITUDE": 16.46837,
  "LATITUDE": 57.19788,
  "COG": 49.5,
  "SOG": 0,
  "HEADING": 184,
  "ROT": 128,
  "NAVSTAT": 15,
  "IMO": 0,
  "NAME": "LILLE OE",
  "CALLSIGN": "DH8613",
  "TYPE": 36,
  "A": 9,
  "B": 1,
  "C": 2,
  "D": 2,
  "DRAUGHT": 0,
  "DEST": "",
  "ETA": "00-00 00:00"
}