{
  "MMSI": 211692440,
  "TIME": "2023-04-30 17:56:11 GMT",
  "LONGITUDE": 16.73587,
  "LATITUDE": 57.52087,
  "COG": 321.9,
  "SOG": 3.6,
  "HEADING": 330,
  "ROT": 128,
  "NAVSTAT": 15,
  "IMO": 0,
  "NAME": "LILLE OE",
  "CALLSIGN": "DH8613",
  "TYPE": 36,
  "A": 7,
  "B": 3,
  "C": 2,
  "D": 1,
  "DRAUGHT": 0,
  "DEST": "",
  "ETA": "00-00 00:00"
}