{
  "MMSI": 211692440,
  "TIME": "2023-12-31 17:59:49 GMT",
  "LONGITUDE": 13.13613,
  "LATITUDE": 52.43562,
  "COG": 42,
  "SOG": 0,
  "HEADING": 159,
  "ROT": 128,
  "NAVSTAT": 15,
  "IMO": 0,
  "NAME": "LILLE OE",
  "CALLSIGN": "DH8613",
  "TYPE": 36,
  "A": 9,
  "B": 1,
  "C": 2,
  "D": 2,
  "DRAUGHT": 0,
  "DEST": "",
  "ETA": "00-00 00:00"
}