{
  "MMSI": 211692440,
  "TIME": "2022-08-23 08:18:17 GMT",
  "LONGITUDE": 18.62753,
  "LATITUDE": 59.36911,
  "COG": 102,
  "SOG": 2.1,
  "HEADING": 79,
  "ROT": 128,
  "NAVSTAT": 15,
  "IMO": 0,
  "NAME": "LILLE OE",
  "CALLSIGN": "DH8613",
  "TYPE": 36,
  "A": 9,
  "B": 1,
  "C": 2,
  "D": 2,
  "DRAUGHT": 0,
  "DEST": "",
  "ETA": "00-00 00:00"
}