{
  "MMSI": 211692440,
  "TIME": "2022-04-30 02:08:13 GMT",
  "LONGITUDE": 15.19544,
  "LATITUDE": 55.73474,
  "COG": 323.5,
  "SOG": 2.8,
  "HEADING": 322,
  "ROT": 128,
  "NAVSTAT": 15,
  "IMO": 0,
  "NAME": "LILLE OE",
  "CALLSIGN": "DH8613",
  "TYPE": 36,
  "A": 7,
  "B": 3,
  "C": 2,
  "D": 1,
  "DRAUGHT": 0,
  "DEST": "",
  "ETA": "00-00 00:00"
}