{
  "MMSI": 211692440,
  "TIME": "2022-06-30 18:31:55 GMT",
  "LONGITUDE": 23.42433,
  "LATITUDE": 59.85732,
  "COG": 298.6,
  "SOG": 0,
  "HEADING": 162,
  "ROT": 128,
  "NAVSTAT": 15,
  "IMO": 0,
  "NAME": "LILLE OE",
  "CALLSIGN": "DH8613",
  "TYPE": 36,
  "A": 9,
  "B": 1,
  "C": 2,
  "D": 2,
  "DRAUGHT": 0,
  "DEST": "",
  "ETA": "00-00 00:00"
}