{
  "MMSI": 211692440,
  "TIME": "2023-01-23 20:12:33 GMT",
  "LONGITUDE": 13.19642,
  "LATITUDE": 52.47036,
  "COG": 319,
  "SOG": 0,
  "HEADING": 35,
  "ROT": 128,
  "NAVSTAT": 15,
  "IMO": 0,
  "NAME": "LILLE OE",
  "CALLSIGN": "DH8613",
  "TYPE": 36,
  "A": 9,
  "B": 1,
  "C": 2,
  "D": 2,
  "DRAUGHT": 0,
  "DEST": "",
  "ETA": "00-00 00:00"
}