{
  "MMSI": 211692440,
  "TIME": "2022-09-16 05:24:03 GMT",
  "LONGITUDE": 13.77839,
  "LATITUDE": 52.85307,
  "COG": 270.9,
  "SOG": 5.1,
  "HEADING": 266,
  "ROT": 128,
  "NAVSTAT": 15,
  "IMO": 0,
  "NAME": "LILLE OE",
  "CALLSIGN": "DH8613",
  "TYPE": 36,
  "A": 9,
  "B": 1,
  "C": 2,
  "D": 2,
  "DRAUGHT": 0,
  "DEST": "",
  "ETA": "00-00 00:00"
}