{
  "MMSI": 211692440,
  "TIME": "2022-08-12 12:49:10 GMT",
  "LONGITUDE": 23.88236,
  "LATITUDE": 59.97817,
  "COG": 252.8,
  "SOG": 0,
  "HEADING": 265,
  "ROT": 0,
  "NAVSTAT": 0,
  "IMO": 0,
  "NAME": "LILLE OE",
  "CALLSIGN": "DH8613",
  "TYPE": 36,
  "A": 9,
  "B": 1,
  "C": 2,
  "D": 2,
  "DRAUGHT": 0,
  "DEST": "",
  "ETA": "00-00 00:00"
}