{
  "MMSI": 211692440,
  "TIME": "2023-06-13 18:00:47 GMT",
  "LONGITUDE": 20.67009,
  "LATITUDE": 63.09075,
  "COG": 169.9,
  "SOG": 4.1,
  "HEADING": 170,
  "ROT": 128,
  "NAVSTAT": 15,
  "IMO": 0,
  "NAME": "LILLE OE",
  "CALLSIGN": "DH8613",
  "TYPE": 36,
  "A": 7,
  "B": 3,
  "C": 2,
  "D": 1,
  "DRAUGHT": 0,
  "DEST": "",
  "ETA": "00-00 00:00"
}