{
  "MMSI": 211692440,
  "TIME": "2022-07-24 12:42:29 GMT",
  "LONGITUDE": 22.40871,
  "LATITUDE": 59.91927,
  "COG": 270.3,
  "SOG": 0,
  "HEADING": 310,
  "ROT": 128,
  "NAVSTAT": 15,
  "IMO": 0,
  "NAME": "LILLE OE",
  "CALLSIGN": "DH8613",
  "TYPE": 36,
  "A": 9,
  "B": 1,
  "C": 2,
  "D": 2,
  "DRAUGHT": 0,
  "DEST": "",
  "ETA": "00-00 00:00"
}