{
  "MMSI": 211692440,
  "TIME": "2022-08-01 06:42:29 GMT",
  "LONGITUDE": 26.23706,
  "LATITUDE": 60.45252,
  "COG": 177.8,
  "SOG": 0,
  "HEADING": 340,
  "ROT": 128,
  "NAVSTAT": 15,
  "IMO": 0,
  "NAME": "LILLE OE",
  "CALLSIGN": "DH8613",
  "TYPE": 36,
  "A": 9,
  "B": 1,
  "C": 2,
  "D": 2,
  "DRAUGHT": 0,
  "DEST": "",
  "ETA": "00-00 00:00"
}