{
  "MMSI": 211692440,
  "TIME": "2022-08-27 01:20:31 GMT",
  "LONGITUDE": 18.09264,
  "LATITUDE": 59.32636,
  "COG": 323.8,
  "SOG": 0,
  "HEADING": 211,
  "ROT": 128,
  "NAVSTAT": 15,
  "IMO": 0,
  "NAME": "LILLE OE",
  "CALLSIGN": "DH8613",
  "TYPE": 36,
  "A": 7,
  "B": 3,
  "C": 2,
  "D": 1,
  "DRAUGHT": 0,
  "DEST": "",
  "ETA": "00-00 00:00"
}