{
  "MMSI": 211692440,
  "TIME": "2022-08-19 12:27:19 GMT",
  "LONGITUDE": 20.31625,
  "LATITUDE": 60.03852,
  "COG": 203.5,
  "SOG": 4.5,
  "HEADING": 193,
  "ROT": 128,
  "NAVSTAT": 15,
  "IMO": 0,
  "NAME": "LILLE OE",
  "CALLSIGN": "DH8613",
  "TYPE": 36,
  "A": 9,
  "B": 1,
  "C": 2,
  "D": 2,
  "DRAUGHT": 0,
  "DEST": "",
  "ETA": "00-00 00:00"
}