{
  "MMSI": 211692440,
  "TIME": "2022-07-29 06:31:10 GMT",
  "LONGITUDE": 24.43978,
  "LATITUDE": 59.98066,
  "COG": 180.8,
  "SOG": 0,
  "HEADING": 317,
  "ROT": 128,
  "NAVSTAT": 15,
  "IMO": 0,
  "NAME": "LILLE OE",
  "CALLSIGN": "DH8613",
  "TYPE": 36,
  "A": 9,
  "B": 1,
  "C": 2,
  "D": 2,
  "DRAUGHT": 0,
  "DEST": "",
  "ETA": "00-00 00:00"
}