{
  "MMSI": 211692440,
  "TIME": "2022-10-27 08:19:02 GMT",
  "LONGITUDE": 13.19332,
  "LATITUDE": 52.51117,
  "COG": 47.4,
  "SOG": 0,
  "HEADING": 47,
  "ROT": 128,
  "NAVSTAT": 15,
  "IMO": 0,
  "NAME": "LILLE OE",
  "CALLSIGN": "DH8613",
  "TYPE": 36,
  "A": 9,
  "B": 0,
  "C": 2,
  "D": 2,
  "DRAUGHT": 0,
  "DEST": "",
  "ETA": "00-00 00:00"
}