{
  "MMSI": 211692440,
  "TIME": "2023-01-24 08:14:34 GMT",
  "LONGITUDE": 13.19654,
  "LATITUDE": 52.47034,
  "COG": 202.4,
  "SOG": 0,
  "HEADING": 352,
  "ROT": 128,
  "NAVSTAT": 15,
  "IMO": 0,
  "NAME": "LILLE OE",
  "CALLSIGN": "DH8613",
  "TYPE": 36,
  "A": 9,
  "B": 1,
  "C": 2,
  "D": 2,
  "DRAUGHT": 0,
  "DEST": "",
  "ETA": "00-00 00:00"
}