{
  "MMSI": 211692440,
  "TIME": "2022-09-19 12:33:31 GMT",
  "LONGITUDE": 13.19417,
  "LATITUDE": 52.51171,
  "COG": 354.1,
  "SOG": 0,
  "HEADING": 1,
  "ROT": 128,
  "NAVSTAT": 15,
  "IMO": 0,
  "NAME": "LILLE OE",
  "CALLSIGN": "DH8613",
  "TYPE": 36,
  "A": 9,
  "B": 1,
  "C": 2,
  "D": 2,
  "DRAUGHT": 0,
  "DEST": "",
  "ETA": "00-00 00:00"
}