{
  "MMSI": 211692440,
  "TIME": "2022-10-24 08:30:00 GMT",
  "LONGITUDE": 13.19328,
  "LATITUDE": 52.51117,
  "COG": 342,
  "SOG": 0.1,
  "HEADING": 342,
  "ROT": 128,
  "NAVSTAT": 15,
  "IMO": 0,
  "NAME": "LILLE OE",
  "CALLSIGN": "DH8613",
  "TYPE": 36,
  "A": 9,
  "B": 0,
  "C": 2,
  "D": 2,
  "DRAUGHT": 0,
  "DEST": "",
  "ETA": "00-00 00:00"
}