{
  "MMSI": 211692440,
  "TIME": "2023-04-09 08:14:49 GMT",
  "LONGITUDE": 14.23321,
  "LATITUDE": 53.01389,
  "COG": 37,
  "SOG": 5.6,
  "HEADING": 34,
  "ROT": 128,
  "NAVSTAT": 15,
  "IMO": 0,
  "NAME": "LILLE OE",
  "CALLSIGN": "DH8613",
  "TYPE": 36,
  "A": 9,
  "B": 1,
  "C": 2,
  "D": 2,
  "DRAUGHT": 0,
  "DEST": "",
  "ETA": "00-00 00:00"
}