{
  "MMSI": 211692440,
  "TIME": "2022-07-14 02:28:49 GMT",
  "LONGITUDE": 23.57169,
  "LATITUDE": 59.83118,
  "COG": 269.7,
  "SOG": 0,
  "HEADING": 291,
  "ROT": 128,
  "NAVSTAT": 15,
  "IMO": 0,
  "NAME": "LILLE OE",
  "CALLSIGN": "DH8613",
  "TYPE": 36,
  "A": 9,
  "B": 1,
  "C": 2,
  "D": 2,
  "DRAUGHT": 0,
  "DEST": "",
  "ETA": "00-00 00:00"
}