{
  "MMSI": 211692440,
  "TIME": "2022-09-13 12:33:11 GMT",
  "LONGITUDE": 14.59053,
  "LATITUDE": 53.59877,
  "COG": 167.7,
  "SOG": 4.9,
  "HEADING": 165,
  "ROT": 128,
  "NAVSTAT": 15,
  "IMO": 0,
  "NAME": "LILLE OE",
  "CALLSIGN": "DH8613",
  "TYPE": 36,
  "A": 9,
  "B": 1,
  "C": 2,
  "D": 2,
  "DRAUGHT": 0,
  "DEST": "",
  "ETA": "00-00 00:00"
}