{
  "MMSI": 211692440,
  "TIME": "2023-04-08 10:12:22 GMT",
  "LONGITUDE": 13.21607,
  "LATITUDE": 52.63383,
  "COG": 354.9,
  "SOG": 5.1,
  "HEADING": 353,
  "ROT": 128,
  "NAVSTAT": 15,
  "IMO": 0,
  "NAME": "LILLE OE",
  "CALLSIGN": "DH8613",
  "TYPE": 36,
  "A": 9,
  "B": 1,
  "C": 2,
  "D": 2,
  "DRAUGHT": 0,
  "DEST": "",
  "ETA": "00-00 00:00"
}