{
  "MMSI": 211692440,
  "TIME": "2022-08-29 12:29:26 GMT",
  "LONGITUDE": 18.78272,
  "LATITUDE": 59.20098,
  "COG": 51.6,
  "SOG": 0,
  "HEADING": 117,
  "ROT": 128,
  "NAVSTAT": 15,
  "IMO": 0,
  "NAME": "LILLE OE",
  "CALLSIGN": "DH8613",
  "TYPE": 36,
  "A": 9,
  "B": 1,
  "C": 2,
  "D": 2,
  "DRAUGHT": 0,
  "DEST": "",
  "ETA": "00-00 00:00"
}