{
  "MMSI": 211692440,
  "TIME": "2023-04-08 14:10:49 GMT",
  "LONGITUDE": 13.41024,
  "LATITUDE": 52.84183,
  "COG": 74.7,
  "SOG": 5.1,
  "HEADING": 70,
  "ROT": 128,
  "NAVSTAT": 15,
  "IMO": 0,
  "NAME": "LILLE OE",
  "CALLSIGN": "DH8613",
  "TYPE": 36,
  "A": 9,
  "B": 1,
  "C": 2,
  "D": 2,
  "DRAUGHT": 0,
  "DEST": "",
  "ETA": "00-00 00:00"
}