{
  "MMSI": 211692440,
  "TIME": "2026-07-18 01:06:18 GMT",
  "LONGITUDE": -149.62225,
  "LATITUDE": -17.55395,
  "COG": 0,
  "SOG": 0.2,
  "HEADING": 162,
  "ROT": 128,
  "PAC": 0,
  "NAVSTAT": 15,
  "IMO": 0,
  "NAME": "LILLE OE",
  "CALLSIGN": "DH8613",
  "TYPE": 36,
  "A": 7,
  "B": 3,
  "C": 2,
  "D": 1,
  "DRAUGHT": 0,
  "DEST": "",
  "ETA": "00-00 00:00"
}