{
  "MMSI": 211692440,
  "TIME": "2022-05-25 18:20:16 GMT",
  "LONGITUDE": 17.37681,
  "LATITUDE": 58.74429,
  "COG": 360,
  "SOG": 0.2,
  "HEADING": 237,
  "ROT": 128,
  "NAVSTAT": 15,
  "IMO": 0,
  "NAME": "LILLE OE",
  "CALLSIGN": "DH8613",
  "TYPE": 36,
  "A": 9,
  "B": 1,
  "C": 2,
  "D": 2,
  "DRAUGHT": 0,
  "DEST": "",
  "ETA": "00-00 00:00"
}