{
  "MMSI": 211692440,
  "TIME": "2022-08-05 06:30:29 GMT",
  "LONGITUDE": 26.04072,
  "LATITUDE": 60.30351,
  "COG": 176.4,
  "SOG": 0,
  "HEADING": 357,
  "ROT": 128,
  "NAVSTAT": 15,
  "IMO": 0,
  "NAME": "LILLE OE",
  "CALLSIGN": "DH8613",
  "TYPE": 36,
  "A": 9,
  "B": 1,
  "C": 2,
  "D": 2,
  "DRAUGHT": 0,
  "DEST": "",
  "ETA": "00-00 00:00"
}