{
  "MMSI": 211692440,
  "TIME": "2022-05-03 18:28:55 GMT",
  "LONGITUDE": 14.89242,
  "LATITUDE": 56.15501,
  "COG": 350.2,
  "SOG": 0,
  "HEADING": 202,
  "ROT": 128,
  "NAVSTAT": 15,
  "IMO": 0,
  "NAME": "LILLE OE",
  "CALLSIGN": "DH8613",
  "TYPE": 36,
  "A": 9,
  "B": 1,
  "C": 2,
  "D": 2,
  "DRAUGHT": 0,
  "DEST": "",
  "ETA": "00-00 00:00"
}