{
  "MMSI": 211692440,
  "TIME": "2022-06-20 06:31:46 GMT",
  "LONGITUDE": 23.31937,
  "LATITUDE": 59.90944,
  "COG": 42.6,
  "SOG": 0,
  "HEADING": 185,
  "ROT": 128,
  "NAVSTAT": 15,
  "IMO": 0,
  "NAME": "LILLE OE",
  "CALLSIGN": "DH8613",
  "TYPE": 36,
  "A": 9,
  "B": 1,
  "C": 2,
  "D": 2,
  "DRAUGHT": 0,
  "DEST": "",
  "ETA": "00-00 00:00"
}