{
  "MMSI": 211692440,
  "TIME": "2022-06-12 02:23:02 GMT",
  "LONGITUDE": 22.24606,
  "LATITUDE": 60.44051,
  "COG": 343.4,
  "SOG": 0,
  "HEADING": 320,
  "ROT": 128,
  "NAVSTAT": 15,
  "IMO": 0,
  "NAME": "LILLE OE",
  "CALLSIGN": "DH8613",
  "TYPE": 36,
  "A": 9,
  "B": 1,
  "C": 2,
  "D": 2,
  "DRAUGHT": 0,
  "DEST": "",
  "ETA": "00-00 00:00"
}