{
  "MMSI": 211692440,
  "TIME": "2022-09-17 12:26:55 GMT",
  "LONGITUDE": 13.19338,
  "LATITUDE": 52.51097,
  "COG": 269,
  "SOG": 1.4,
  "HEADING": 263,
  "ROT": 128,
  "NAVSTAT": 15,
  "IMO": 0,
  "NAME": "LILLE OE",
  "CALLSIGN": "DH8613",
  "TYPE": 36,
  "A": 9,
  "B": 1,
  "C": 2,
  "D": 2,
  "DRAUGHT": 0,
  "DEST": "",
  "ETA": "00-00 00:00"
}