{
  "MMSI": 211692440,
  "TIME": "2022-06-15 18:28:15 GMT",
  "LONGITUDE": 22.28271,
  "LATITUDE": 60.03101,
  "COG": 288,
  "SOG": 0,
  "HEADING": 290,
  "ROT": 128,
  "NAVSTAT": 15,
  "IMO": 0,
  "NAME": "LILLE OE",
  "CALLSIGN": "DH8613",
  "TYPE": 36,
  "A": 9,
  "B": 1,
  "C": 2,
  "D": 2,
  "DRAUGHT": 0,
  "DEST": "",
  "ETA": "00-00 00:00"
}