{
  "MMSI": 211692440,
  "TIME": "2022-04-15 06:28:27 GMT",
  "LONGITUDE": 13.22701,
  "LATITUDE": 52.56343,
  "COG": 314.9,
  "SOG": 5.3,
  "HEADING": 24,
  "ROT": 128,
  "NAVSTAT": 15,
  "IMO": 0,
  "NAME": "LILLE OE",
  "CALLSIGN": "DH8613",
  "TYPE": 36,
  "A": 9,
  "B": 1,
  "C": 2,
  "D": 2,
  "DRAUGHT": 0,
  "DEST": "",
  "ETA": "00-00 00:00"
}