{
  "MMSI": 211692440,
  "TIME": "2022-08-11 18:28:46 GMT",
  "LONGITUDE": 24.44021,
  "LATITUDE": 59.98081,
  "COG": 195.2,
  "SOG": 0,
  "HEADING": 314,
  "ROT": 0,
  "NAVSTAT": 0,
  "IMO": 0,
  "NAME": "LILLE OE",
  "CALLSIGN": "DH8613",
  "TYPE": 36,
  "A": 9,
  "B": 1,
  "C": 2,
  "D": 2,
  "DRAUGHT": 0,
  "DEST": "",
  "ETA": "00-00 00:00"
}