{
  "MMSI": 211692440,
  "TIME": "2023-06-30 00:24:32 GMT",
  "LONGITUDE": 24.75938,
  "LATITUDE": 59.44249,
  "COG": 360,
  "SOG": 0.2,
  "HEADING": 254,
  "ROT": 128,
  "NAVSTAT": 15,
  "IMO": 0,
  "NAME": "LILLE OE",
  "CALLSIGN": "DH8613",
  "TYPE": 36,
  "A": 7,
  "B": 3,
  "C": 2,
  "D": 1,
  "DRAUGHT": 0,
  "DEST": "",
  "ETA": "00-00 00:00"
}