{
  "MMSI": 211692440,
  "TIME": "2023-04-08 16:15:25 GMT",
  "LONGITUDE": 13.69743,
  "LATITUDE": 52.86123,
  "COG": 84.9,
  "SOG": 5.2,
  "HEADING": 78,
  "ROT": 128,
  "NAVSTAT": 15,
  "IMO": 0,
  "NAME": "LILLE OE",
  "CALLSIGN": "DH8613",
  "TYPE": 36,
  "A": 9,
  "B": 1,
  "C": 2,
  "D": 2,
  "DRAUGHT": 0,
  "DEST": "",
  "ETA": "00-00 00:00"
}