{
  "MMSI": 211692440,
  "TIME": "2022-08-18 08:17:30 GMT",
  "LONGITUDE": 21.51067,
  "LATITUDE": 60.19039,
  "COG": 271.6,
  "SOG": 0.6,
  "HEADING": 275,
  "ROT": 128,
  "NAVSTAT": 15,
  "IMO": 0,
  "NAME": "LILLE OE",
  "CALLSIGN": "DH8613",
  "TYPE": 36,
  "A": 9,
  "B": 1,
  "C": 2,
  "D": 2,
  "DRAUGHT": 0,
  "DEST": "",
  "ETA": "00-00 00:00"
}