{
  "MMSI": 211692440,
  "TIME": "2023-04-12 14:11:07 GMT",
  "LONGITUDE": 14.26991,
  "LATITUDE": 53.91172,
  "COG": 222.3,
  "SOG": 0,
  "HEADING": 226,
  "ROT": 128,
  "NAVSTAT": 15,
  "IMO": 0,
  "NAME": "LILLE OE",
  "CALLSIGN": "DH8613",
  "TYPE": 36,
  "A": 9,
  "B": 1,
  "C": 2,
  "D": 2,
  "DRAUGHT": 0,
  "DEST": "",
  "ETA": "00-00 00:00"
}