{
  "MMSI": 211692440,
  "TIME": "2022-07-27 12:52:47 GMT",
  "LONGITUDE": 24.27263,
  "LATITUDE": 59.93928,
  "COG": 88.4,
  "SOG": 4.5,
  "HEADING": 83,
  "ROT": 128,
  "NAVSTAT": 15,
  "IMO": 0,
  "NAME": "LILLE OE",
  "CALLSIGN": "DH8613",
  "TYPE": 36,
  "A": 9,
  "B": 1,
  "C": 2,
  "D": 2,
  "DRAUGHT": 0,
  "DEST": "",
  "ETA": "00-00 00:00"
}