{
  "MMSI": 211692440,
  "TIME": "2023-11-14 18:00:41 GMT",
  "LONGITUDE": 13.19637,
  "LATITUDE": 52.47043,
  "COG": 185.8,
  "SOG": 0,
  "HEADING": 281,
  "ROT": 0,
  "NAVSTAT": 0,
  "IMO": 0,
  "NAME": "LILLE OE",
  "CALLSIGN": "DH8613",
  "TYPE": 36,
  "A": 9,
  "B": 1,
  "C": 2,
  "D": 2,
  "DRAUGHT": 0,
  "DEST": "",
  "ETA": "00-00 00:00"
}