{
  "MMSI": 211692440,
  "TIME": "2023-06-28 00:24:32 GMT",
  "LONGITUDE": 24.44031,
  "LATITUDE": 59.98084,
  "COG": 360,
  "SOG": 0.2,
  "HEADING": 329,
  "ROT": 128,
  "NAVSTAT": 15,
  "IMO": 0,
  "NAME": "LILLE OE",
  "CALLSIGN": "DH8613",
  "TYPE": 36,
  "A": 9,
  "B": 1,
  "C": 2,
  "D": 2,
  "DRAUGHT": 0,
  "DEST": "",
  "ETA": "00-00 00:00"
}