{
  "MMSI": 211692440,
  "TIME": "2022-07-31 12:42:20 GMT",
  "LONGITUDE": 26.33922,
  "LATITUDE": 60.32362,
  "COG": 329.8,
  "SOG": 3,
  "HEADING": 327,
  "ROT": 128,
  "NAVSTAT": 15,
  "IMO": 0,
  "NAME": "LILLE OE",
  "CALLSIGN": "DH8613",
  "TYPE": 36,
  "A": 9,
  "B": 1,
  "C": 2,
  "D": 2,
  "DRAUGHT": 0,
  "DEST": "",
  "ETA": "00-00 00:00"
}