{
  "MMSI": 211692440,
  "TIME": "2023-03-19 16:17:39 GMT",
  "LONGITUDE": 13.18752,
  "LATITUDE": 52.48614,
  "COG": 133.9,
  "SOG": 1.3,
  "HEADING": 130,
  "ROT": 128,
  "NAVSTAT": 15,
  "IMO": 0,
  "NAME": "LILLE OE",
  "CALLSIGN": "DH8613",
  "TYPE": 36,
  "A": 7,
  "B": 3,
  "C": 2,
  "D": 1,
  "DRAUGHT": 0,
  "DEST": "",
  "ETA": "00-00 00:00"
}