{
  "MMSI": 211692440,
  "TIME": "2023-01-25 08:13:24 GMT",
  "LONGITUDE": 13.19658,
  "LATITUDE": 52.47051,
  "COG": 54.8,
  "SOG": 0,
  "HEADING": 183,
  "ROT": 128,
  "NAVSTAT": 15,
  "IMO": 0,
  "NAME": "LILLE OE",
  "CALLSIGN": "DH8613",
  "TYPE": 36,
  "A": 9,
  "B": 1,
  "C": 2,
  "D": 2,
  "DRAUGHT": 0,
  "DEST": "",
  "ETA": "00-00 00:00"
}