{
  "MMSI": 211692440,
  "TIME": "2022-09-04 20:15:53 GMT",
  "LONGITUDE": 17.00428,
  "LATITUDE": 58.25671,
  "COG": 158.7,
  "SOG": 0,
  "HEADING": 70,
  "ROT": 128,
  "NAVSTAT": 15,
  "IMO": 0,
  "NAME": "LILLE OE",
  "CALLSIGN": "DH8613",
  "TYPE": 36,
  "A": 9,
  "B": 1,
  "C": 2,
  "D": 2,
  "DRAUGHT": 0,
  "DEST": "",
  "ETA": "00-00 00:00"
}