{
  "MMSI": 211692440,
  "TIME": "2022-08-15 02:29:10 GMT",
  "LONGITUDE": 22.96636,
  "LATITUDE": 59.81937,
  "COG": 43.2,
  "SOG": 0,
  "HEADING": 110,
  "ROT": 128,
  "NAVSTAT": 15,
  "IMO": 0,
  "NAME": "LILLE OE",
  "CALLSIGN": "DH8613",
  "TYPE": 36,
  "A": 9,
  "B": 1,
  "C": 2,
  "D": 2,
  "DRAUGHT": 0,
  "DEST": "",
  "ETA": "00-00 00:00"
}