{
  "MMSI": 211692440,
  "TIME": "2022-09-09 20:16:02 GMT",
  "LONGITUDE": 16.36329,
  "LATITUDE": 56.66041,
  "COG": 256.4,
  "SOG": 0,
  "HEADING": 10,
  "ROT": 128,
  "NAVSTAT": 15,
  "IMO": 0,
  "NAME": "LILLE OE",
  "CALLSIGN": "DH8613",
  "TYPE": 36,
  "A": 9,
  "B": 1,
  "C": 2,
  "D": 2,
  "DRAUGHT": 0,
  "DEST": "",
  "ETA": "00-00 00:00"
}