{
  "MMSI": 211692440,
  "TIME": "2022-06-12 18:25:06 GMT",
  "LONGITUDE": 22.20151,
  "LATITUDE": 60.17487,
  "COG": 294.5,
  "SOG": 0,
  "HEADING": 204,
  "ROT": 128,
  "NAVSTAT": 15,
  "IMO": 0,
  "NAME": "LILLE OE",
  "CALLSIGN": "DH8613",
  "TYPE": 36,
  "A": 9,
  "B": 1,
  "C": 2,
  "D": 2,
  "DRAUGHT": 0,
  "DEST": "",
  "ETA": "00-00 00:00"
}