{
  "MMSI": 211692440,
  "TIME": "2023-11-13 17:59:56 GMT",
  "LONGITUDE": 13.19231,
  "LATITUDE": 52.46885,
  "COG": 30.2,
  "SOG": 0,
  "HEADING": 159,
  "ROT": 0,
  "NAVSTAT": 0,
  "IMO": 0,
  "NAME": "LILLE OE",
  "CALLSIGN": "DH8613",
  "TYPE": 36,
  "A": 7,
  "B": 3,
  "C": 2,
  "D": 1,
  "DRAUGHT": 0,
  "DEST": "",
  "ETA": "00-00 00:00"
}