{
  "MMSI": 211692440,
  "TIME": "2023-04-16 10:06:10 GMT",
  "LONGITUDE": 13.59777,
  "LATITUDE": 54.27984,
  "COG": 250.1,
  "SOG": 5.2,
  "HEADING": 255,
  "ROT": 128,
  "NAVSTAT": 15,
  "IMO": 0,
  "NAME": "LILLE OE",
  "CALLSIGN": "DH8613",
  "TYPE": 36,
  "A": 9,
  "B": 1,
  "C": 2,
  "D": 2,
  "DRAUGHT": 0,
  "DEST": "",
  "ETA": "00-00 00:00"
}