{
  "MMSI": 211692440,
  "TIME": "2022-05-04 06:30:51 GMT",
  "LONGITUDE": 14.89243,
  "LATITUDE": 56.15502,
  "COG": 354,
  "SOG": 0,
  "HEADING": 201,
  "ROT": 128,
  "NAVSTAT": 15,
  "IMO": 0,
  "NAME": "LILLE OE",
  "CALLSIGN": "DH8613",
  "TYPE": 36,
  "A": 9,
  "B": 1,
  "C": 2,
  "D": 2,
  "DRAUGHT": 0,
  "DEST": "",
  "ETA": "00-00 00:00"
}