{
  "MMSI": 211692440,
  "TIME": "2022-07-23 02:23:42 GMT",
  "LONGITUDE": 22.40856,
  "LATITUDE": 59.91924,
  "COG": 184.1,
  "SOG": 0,
  "HEADING": 306,
  "ROT": 128,
  "NAVSTAT": 15,
  "IMO": 0,
  "NAME": "LILLE OE",
  "CALLSIGN": "DH8613",
  "TYPE": 36,
  "A": 9,
  "B": 1,
  "C": 2,
  "D": 2,
  "DRAUGHT": 0,
  "DEST": "",
  "ETA": "00-00 00:00"
}