{
  "MMSI": 211692440,
  "TIME": "2023-12-15 12:07:27 GMT",
  "LONGITUDE": 13.19372,
  "LATITUDE": 52.51099,
  "COG": 27.5,
  "SOG": 0,
  "HEADING": 13,
  "ROT": 128,
  "NAVSTAT": 15,
  "IMO": 0,
  "NAME": "LILLE OE",
  "CALLSIGN": "DH8613",
  "TYPE": 36,
  "A": 7,
  "B": 3,
  "C": 2,
  "D": 1,
  "DRAUGHT": 0,
  "DEST": "",
  "ETA": "00-00 00:00"
}