{
  "MMSI": 211692440,
  "TIME": "2023-07-16 12:08:02 GMT",
  "LONGITUDE": 25.43465,
  "LATITUDE": 60.14819,
  "COG": 252.3,
  "SOG": 5.4,
  "HEADING": 250,
  "ROT": 128,
  "NAVSTAT": 15,
  "IMO": 0,
  "NAME": "LILLE OE",
  "CALLSIGN": "DH8613",
  "TYPE": 36,
  "A": 7,
  "B": 3,
  "C": 2,
  "D": 1,
  "DRAUGHT": 0,
  "DEST": "",
  "ETA": "00-00 00:00"
}