{
  "MMSI": 211692440,
  "TIME": "2022-04-15 12:39:20 GMT",
  "LONGITUDE": 13.26109,
  "LATITUDE": 52.74972,
  "COG": 251.1,
  "SOG": 0,
  "HEADING": 335,
  "ROT": 128,
  "NAVSTAT": 15,
  "IMO": 0,
  "NAME": "LILLE OE",
  "CALLSIGN": "DH8613",
  "TYPE": 36,
  "A": 9,
  "B": 1,
  "C": 2,
  "D": 2,
  "DRAUGHT": 0,
  "DEST": "",
  "ETA": "00-00 00:00"
}