{
  "MMSI": 211692440,
  "TIME": "2022-07-03 18:26:31 GMT",
  "LONGITUDE": 23.98377,
  "LATITUDE": 59.97837,
  "COG": 347.2,
  "SOG": 0,
  "HEADING": 282,
  "ROT": 128,
  "NAVSTAT": 15,
  "IMO": 0,
  "NAME": "LILLE OE",
  "CALLSIGN": "DH8613",
  "TYPE": 36,
  "A": 9,
  "B": 1,
  "C": 2,
  "D": 2,
  "DRAUGHT": 0,
  "DEST": "",
  "ETA": "00-00 00:00"
}