{
  "MMSI": 211692440,
  "TIME": "2022-08-03 18:29:23 GMT",
  "LONGITUDE": 26.04073,
  "LATITUDE": 60.30352,
  "COG": 173.2,
  "SOG": 0,
  "HEADING": 173,
  "ROT": 128,
  "NAVSTAT": 15,
  "IMO": 0,
  "NAME": "LILLE OE",
  "CALLSIGN": "DH8613",
  "TYPE": 36,
  "A": 9,
  "B": 1,
  "C": 2,
  "D": 2,
  "DRAUGHT": 0,
  "DEST": "",
  "ETA": "00-00 00:00"
}