{
  "MMSI": 211692440,
  "TIME": "2022-09-02 16:19:43 GMT",
  "LONGITUDE": 17.10291,
  "LATITUDE": 58.66288,
  "COG": 340.3,
  "SOG": 0,
  "HEADING": 111,
  "ROT": 128,
  "NAVSTAT": 15,
  "IMO": 0,
  "NAME": "LILLE OE",
  "CALLSIGN": "DH8613",
  "TYPE": 36,
  "A": 9,
  "B": 1,
  "C": 2,
  "D": 2,
  "DRAUGHT": 0,
  "DEST": "",
  "ETA": "00-00 00:00"
}