{
  "MMSI": 211692440,
  "TIME": "2022-07-11 12:51:14 GMT",
  "LONGITUDE": 25.07103,
  "LATITUDE": 60.05089,
  "COG": 208.3,
  "SOG": 3.4,
  "HEADING": 206,
  "ROT": 128,
  "NAVSTAT": 15,
  "IMO": 0,
  "NAME": "LILLE OE",
  "CALLSIGN": "DH8613",
  "TYPE": 36,
  "A": 9,
  "B": 1,
  "C": 2,
  "D": 2,
  "DRAUGHT": 0,
  "DEST": "",
  "ETA": "00-00 00:00"
}