{
  "MMSI": 211692440,
  "TIME": "2023-09-13 06:06:39 GMT",
  "LONGITUDE": 15.70571,
  "LATITUDE": 55.48564,
  "COG": 222.4,
  "SOG": 5,
  "HEADING": 220,
  "ROT": 128,
  "NAVSTAT": 15,
  "IMO": 0,
  "NAME": "LILLE OE",
  "CALLSIGN": "DH8613",
  "TYPE": 36,
  "A": 7,
  "B": 3,
  "C": 2,
  "D": 1,
  "DRAUGHT": 0,
  "DEST": "",
  "ETA": "00-00 00:00"
}