{
  "MMSI": 211692440,
  "TIME": "2022-08-28 12:24:37 GMT",
  "LONGITUDE": 18.78283,
  "LATITUDE": 59.20084,
  "COG": 349.3,
  "SOG": 0,
  "HEADING": 52,
  "ROT": 128,
  "NAVSTAT": 15,
  "IMO": 0,
  "NAME": "LILLE OE",
  "CALLSIGN": "DH8613",
  "TYPE": 36,
  "A": 9,
  "B": 1,
  "C": 2,
  "D": 2,
  "DRAUGHT": 0,
  "DEST": "",
  "ETA": "00-00 00:00"
}