{
  "MMSI": 211692440,
  "TIME": "2022-08-17 20:15:12 GMT",
  "LONGITUDE": 21.55655,
  "LATITUDE": 60.17391,
  "COG": 316.7,
  "SOG": 0,
  "HEADING": 32,
  "ROT": 128,
  "NAVSTAT": 15,
  "IMO": 0,
  "NAME": "LILLE OE",
  "CALLSIGN": "DH8613",
  "TYPE": 36,
  "A": 9,
  "B": 1,
  "C": 2,
  "D": 2,
  "DRAUGHT": 0,
  "DEST": "",
  "ETA": "00-00 00:00"
}