{
  "MMSI": 211692440,
  "TIME": "2023-09-15 17:59:49 GMT",
  "LONGITUDE": 14.62624,
  "LATITUDE": 53.39753,
  "COG": 210.2,
  "SOG": 0,
  "HEADING": 284,
  "ROT": 0,
  "NAVSTAT": 0,
  "IMO": 0,
  "NAME": "LILLE OE",
  "CALLSIGN": "DH8613",
  "TYPE": 36,
  "A": 9,
  "B": 1,
  "C": 2,
  "D": 2,
  "DRAUGHT": 0,
  "DEST": "",
  "ETA": "00-00 00:00"
}