{
  "MMSI": 211692440,
  "TIME": "2023-06-30 18:00:45 GMT",
  "LONGITUDE": 24.77861,
  "LATITUDE": 59.65333,
  "COG": 43.6,
  "SOG": 4.7,
  "HEADING": 41,
  "ROT": 0,
  "NAVSTAT": 0,
  "IMO": 0,
  "NAME": "LILLE OE",
  "CALLSIGN": "DH8613",
  "TYPE": 36,
  "A": 9,
  "B": 1,
  "C": 2,
  "D": 2,
  "DRAUGHT": 0,
  "DEST": "",
  "ETA": "00-00 00:00"
}