{
  "MMSI": 211692440,
  "TIME": "2023-04-02 10:12:54 GMT",
  "LONGITUDE": 13.19234,
  "LATITUDE": 52.50355,
  "COG": 350,
  "SOG": 3.2,
  "HEADING": 350,
  "ROT": 128,
  "NAVSTAT": 15,
  "IMO": 0,
  "NAME": "LILLE OE",
  "CALLSIGN": "DH8613",
  "TYPE": 36,
  "A": 9,
  "B": 1,
  "C": 2,
  "D": 2,
  "DRAUGHT": 0,
  "DEST": "",
  "ETA": "00-00 00:00"
}