{
  "MMSI": 211692440,
  "TIME": "2023-01-15 04:12:50 GMT",
  "LONGITUDE": 13.10507,
  "LATITUDE": 52.42318,
  "COG": 9.5,
  "SOG": 0,
  "HEADING": 327,
  "ROT": 128,
  "NAVSTAT": 15,
  "IMO": 0,
  "NAME": "LILLE OE",
  "CALLSIGN": "DH8613",
  "TYPE": 36,
  "A": 9,
  "B": 1,
  "C": 2,
  "D": 2,
  "DRAUGHT": 0,
  "DEST": "",
  "ETA": "00-00 00:00"
}