{
  "MMSI": 211692440,
  "TIME": "2022-07-08 12:48:29 GMT",
  "LONGITUDE": 24.96475,
  "LATITUDE": 60.17289,
  "COG": 325.5,
  "SOG": 0,
  "HEADING": 283,
  "ROT": 128,
  "NAVSTAT": 15,
  "IMO": 0,
  "NAME": "LILLE OE",
  "CALLSIGN": "DH8613",
  "TYPE": 36,
  "A": 7,
  "B": 3,
  "C": 2,
  "D": 1,
  "DRAUGHT": 0,
  "DEST": "",
  "ETA": "00-00 00:00"
}