{
  "MMSI": 211692440,
  "TIME": "2023-09-20 12:07:07 GMT",
  "LONGITUDE": 13.19344,
  "LATITUDE": 52.51098,
  "COG": 258.1,
  "SOG": 0,
  "HEADING": 284,
  "ROT": 0,
  "NAVSTAT": 0,
  "IMO": 0,
  "NAME": "LILLE OE",
  "CALLSIGN": "DH8613",
  "TYPE": 36,
  "A": 7,
  "B": 3,
  "C": 2,
  "D": 1,
  "DRAUGHT": 0,
  "DEST": "",
  "ETA": "00-00 00:00"
}