{
  "MMSI": 211692440,
  "TIME": "2022-05-16 18:29:41 GMT",
  "LONGITUDE": 16.57893,
  "LATITUDE": 57.32262,
  "COG": 360,
  "SOG": 0,
  "HEADING": 161,
  "ROT": 128,
  "NAVSTAT": 15,
  "IMO": 0,
  "NAME": "LILLE OE",
  "CALLSIGN": "DH8613",
  "TYPE": 36,
  "A": 9,
  "B": 1,
  "C": 2,
  "D": 2,
  "DRAUGHT": 0,
  "DEST": "",
  "ETA": "00-00 00:00"
}