{
  "MMSI": 211692440,
  "TIME": "2022-07-11 18:29:03 GMT",
  "LONGITUDE": 24.91669,
  "LATITUDE": 59.86447,
  "COG": 208.5,
  "SOG": 2.7,
  "HEADING": 195,
  "ROT": 128,
  "NAVSTAT": 15,
  "IMO": 0,
  "NAME": "LILLE OE",
  "CALLSIGN": "DH8613",
  "TYPE": 36,
  "A": 7,
  "B": 3,
  "C": 2,
  "D": 1,
  "DRAUGHT": 0,
  "DEST": "",
  "ETA": "00-00 00:00"
}