{
  "MMSI": 211692440,
  "TIME": "2022-06-28 12:49:05 GMT",
  "LONGITUDE": 24.01231,
  "LATITUDE": 59.98569,
  "COG": 283.1,
  "SOG": 5.6,
  "HEADING": 283,
  "ROT": 128,
  "NAVSTAT": 15,
  "IMO": 0,
  "NAME": "LILLE OE",
  "CALLSIGN": "DH8613",
  "TYPE": 36,
  "A": 9,
  "B": 1,
  "C": 2,
  "D": 2,
  "DRAUGHT": 0,
  "DEST": "",
  "ETA": "00-00 00:00"
}