{
  "MMSI": 211692440,
  "TIME": "2023-04-15 10:03:39 GMT",
  "LONGITUDE": 13.68583,
  "LATITUDE": 54.24338,
  "COG": 309.5,
  "SOG": 5.1,
  "HEADING": 317,
  "ROT": 128,
  "NAVSTAT": 15,
  "IMO": 0,
  "NAME": "LILLE OE",
  "CALLSIGN": "DH8613",
  "TYPE": 36,
  "A": 9,
  "B": 1,
  "C": 2,
  "D": 2,
  "DRAUGHT": 0,
  "DEST": "",
  "ETA": "00-00 00:00"
}