{
  "MMSI": 211692440,
  "TIME": "2022-12-30 12:21:03 GMT",
  "LONGITUDE": 13.18418,
  "LATITUDE": 52.46563,
  "COG": 31,
  "SOG": 3.6,
  "HEADING": 32,
  "ROT": 128,
  "NAVSTAT": 15,
  "IMO": 0,
  "NAME": "LILLE OE",
  "CALLSIGN": "DH8613",
  "TYPE": 36,
  "A": 7,
  "B": 3,
  "C": 2,
  "D": 1,
  "DRAUGHT": 0,
  "DEST": "",
  "ETA": "00-00 00:00"
}