{
  "MMSI": 211692440,
  "TIME": "2023-01-11 04:12:30 GMT",
  "LONGITUDE": 13.13638,
  "LATITUDE": 52.43972,
  "COG": 16.5,
  "SOG": 0,
  "HEADING": 207,
  "ROT": 128,
  "NAVSTAT": 15,
  "IMO": 0,
  "NAME": "LILLE OE",
  "CALLSIGN": "DH8613",
  "TYPE": 36,
  "A": 9,
  "B": 1,
  "C": 2,
  "D": 2,
  "DRAUGHT": 0,
  "DEST": "",
  "ETA": "00-00 00:00"
}