{
  "MMSI": 211692440,
  "TIME": "2023-01-20 12:24:20 GMT",
  "LONGITUDE": 13.19303,
  "LATITUDE": 52.50809,
  "COG": 357,
  "SOG": 1.6,
  "HEADING": 359,
  "ROT": 128,
  "NAVSTAT": 15,
  "IMO": 0,
  "NAME": "LILLE OE",
  "CALLSIGN": "DH8613",
  "TYPE": 36,
  "A": 7,
  "B": 3,
  "C": 2,
  "D": 1,
  "DRAUGHT": 0,
  "DEST": "",
  "ETA": "00-00 00:00"
}