{
  "MMSI": 211692440,
  "TIME": "2023-11-26 12:08:18 GMT",
  "LONGITUDE": 13.17719,
  "LATITUDE": 52.45712,
  "COG": 232,
  "SOG": 3.1,
  "HEADING": 230,
  "ROT": 0,
  "NAVSTAT": 0,
  "IMO": 0,
  "NAME": "LILLE OE",
  "CALLSIGN": "DH8613",
  "TYPE": 36,
  "A": 9,
  "B": 1,
  "C": 2,
  "D": 2,
  "DRAUGHT": 0,
  "DEST": "",
  "ETA": "00-00 00:00"
}