{
  "MMSI": 211692440,
  "TIME": "2023-05-18 18:00:17 GMT",
  "LONGITUDE": 19.29828,
  "LATITUDE": 59.83625,
  "COG": 339.2,
  "SOG": 3.1,
  "HEADING": 337,
  "ROT": 128,
  "NAVSTAT": 15,
  "IMO": 0,
  "NAME": "LILLE OE",
  "CALLSIGN": "DH8613",
  "TYPE": 36,
  "A": 9,
  "B": 1,
  "C": 2,
  "D": 2,
  "DRAUGHT": 0,
  "DEST": "",
  "ETA": "00-00 00:00"
}