{
  "MMSI": 211692440,
  "TIME": "2023-05-18 12:01:59 GMT",
  "LONGITUDE": 18.97609,
  "LATITUDE": 59.44532,
  "COG": 40.9,
  "SOG": 1.4,
  "HEADING": 34,
  "ROT": 128,
  "NAVSTAT": 15,
  "IMO": 0,
  "NAME": "LILLE OE",
  "CALLSIGN": "DH8613",
  "TYPE": 36,
  "A": 9,
  "B": 1,
  "C": 2,
  "D": 2,
  "DRAUGHT": 0,
  "DEST": "",
  "ETA": "00-00 00:00"
}