{
  "MMSI": 211692440,
  "TIME": "2022-08-15 12:50:52 GMT",
  "LONGITUDE": 22.39352,
  "LATITUDE": 59.92611,
  "COG": 327.4,
  "SOG": 3.8,
  "HEADING": 329,
  "ROT": 128,
  "NAVSTAT": 15,
  "IMO": 0,
  "NAME": "LILLE OE",
  "CALLSIGN": "DH8613",
  "TYPE": 36,
  "A": 9,
  "B": 1,
  "C": 2,
  "D": 2,
  "DRAUGHT": 0,
  "DEST": "",
  "ETA": "00-00 00:00"
}