{
  "MMSI": 211692440,
  "TIME": "2024-09-07 12:08:47 GMT",
  "LONGITUDE": -8.88871,
  "LATITUDE": 42.56922,
  "COG": 334.5,
  "SOG": 0,
  "HEADING": 205,
  "ROT": 128,
  "PAC": 0,
  "NAVSTAT": 15,
  "IMO": 0,
  "NAME": "LILLE OE",
  "CALLSIGN": "DH8613",
  "TYPE": 36,
  "A": 9,
  "B": 1,
  "C": 2,
  "D": 2,
  "DRAUGHT": 0,
  "DEST": "",
  "ETA": "00-00 00:00"
}