{
  "MMSI": 211692440,
  "TIME": "2022-11-21 12:26:16 GMT",
  "LONGITUDE": 13.19654,
  "LATITUDE": 52.47073,
  "COG": 11.8,
  "SOG": 0,
  "HEADING": 229,
  "ROT": 128,
  "NAVSTAT": 15,
  "IMO": 0,
  "NAME": "LILLE OE",
  "CALLSIGN": "DH8613",
  "TYPE": 36,
  "A": 9,
  "B": 1,
  "C": 2,
  "D": 2,
  "DRAUGHT": 0,
  "DEST": "",
  "ETA": "00-00 00:00"
}