{
  "MMSI": 211692440,
  "TIME": "2022-09-13 12:27:46 GMT",
  "LONGITUDE": 14.58832,
  "LATITUDE": 53.60626,
  "COG": 167,
  "SOG": 5.1,
  "HEADING": 160,
  "ROT": 128,
  "NAVSTAT": 15,
  "IMO": 0,
  "NAME": "LILLE OE",
  "CALLSIGN": "DH8613",
  "TYPE": 36,
  "A": 9,
  "B": 1,
  "C": 2,
  "D": 2,
  "DRAUGHT": 0,
  "DEST": "",
  "ETA": "00-00 00:00"
}