{
  "MMSI": 211692440,
  "TIME": "2022-06-11 12:38:21 GMT",
  "LONGITUDE": 22.24616,
  "LATITUDE": 60.44049,
  "COG": 338.9,
  "SOG": 0,
  "HEADING": 320,
  "ROT": 128,
  "NAVSTAT": 15,
  "IMO": 0,
  "NAME": "LILLE OE",
  "CALLSIGN": "DH8613",
  "TYPE": 36,
  "A": 9,
  "B": 1,
  "C": 2,
  "D": 2,
  "DRAUGHT": 0,
  "DEST": "",
  "ETA": "00-00 00:00"
}