{
  "MMSI": 211692440,
  "TIME": "2022-08-30 08:18:46 GMT",
  "LONGITUDE": 18.74724,
  "LATITUDE": 59.18796,
  "COG": 240.4,
  "SOG": 4.6,
  "HEADING": 240,
  "ROT": 128,
  "NAVSTAT": 15,
  "IMO": 0,
  "NAME": "LILLE OE",
  "CALLSIGN": "DH8613",
  "TYPE": 36,
  "A": 9,
  "B": 1,
  "C": 2,
  "D": 2,
  "DRAUGHT": 0,
  "DEST": "",
  "ETA": "00-00 00:00"
}