{
  "MMSI": 211692440,
  "TIME": "2022-06-16 12:48:00 GMT",
  "LONGITUDE": 22.28271,
  "LATITUDE": 60.03097,
  "COG": 124.7,
  "SOG": 0,
  "HEADING": 297,
  "ROT": 128,
  "NAVSTAT": 15,
  "IMO": 0,
  "NAME": "LILLE OE",
  "CALLSIGN": "DH8613",
  "TYPE": 36,
  "A": 9,
  "B": 1,
  "C": 2,
  "D": 2,
  "DRAUGHT": 0,
  "DEST": "",
  "ETA": "00-00 00:00"
}