{
  "MMSI": 211692440,
  "TIME": "2023-04-03 06:16:51 GMT",
  "LONGITUDE": 13.19418,
  "LATITUDE": 52.51173,
  "COG": 316.3,
  "SOG": 0,
  "HEADING": 16,
  "ROT": 128,
  "NAVSTAT": 15,
  "IMO": 0,
  "NAME": "LILLE OE",
  "CALLSIGN": "DH8613",
  "TYPE": 36,
  "A": 9,
  "B": 0,
  "C": 2,
  "D": 2,
  "DRAUGHT": 0,
  "DEST": "",
  "ETA": "00-00 00:00"
}