{
  "MMSI": 211692440,
  "TIME": "2022-12-17 12:18:46 GMT",
  "LONGITUDE": 13.19365,
  "LATITUDE": 52.51104,
  "COG": 360,
  "SOG": 0.1,
  "HEADING": 6,
  "ROT": 128,
  "NAVSTAT": 15,
  "IMO": 0,
  "NAME": "LILLE OE",
  "CALLSIGN": "DH8613",
  "TYPE": 36,
  "A": 7,
  "B": 3,
  "C": 2,
  "D": 1,
  "DRAUGHT": 0,
  "DEST": "",
  "ETA": "00-00 00:00"
}