{
  "MMSI": 211692440,
  "TIME": "2022-06-26 18:23:49 GMT",
  "LONGITUDE": 24.72539,
  "LATITUDE": 60.13591,
  "COG": 360,
  "SOG": 0,
  "HEADING": 318,
  "ROT": 128,
  "NAVSTAT": 15,
  "IMO": 0,
  "NAME": "LILLE OE",
  "CALLSIGN": "DH8613",
  "TYPE": 36,
  "A": 7,
  "B": 3,
  "C": 2,
  "D": 1,
  "DRAUGHT": 0,
  "DEST": "",
  "ETA": "00-00 00:00"
}