{
  "MMSI": 211692440,
  "TIME": "2022-07-02 12:38:38 GMT",
  "LONGITUDE": 23.30321,
  "LATITUDE": 59.84997,
  "COG": 46.2,
  "SOG": 4.7,
  "HEADING": 50,
  "ROT": 128,
  "NAVSTAT": 15,
  "IMO": 0,
  "NAME": "LILLE OE",
  "CALLSIGN": "DH8613",
  "TYPE": 36,
  "A": 9,
  "B": 1,
  "C": 2,
  "D": 2,
  "DRAUGHT": 0,
  "DEST": "",
  "ETA": "00-00 00:00"
}