{
  "MMSI": 211692440,
  "TIME": "2023-10-19 12:08:54 GMT",
  "LONGITUDE": 13.19603,
  "LATITUDE": 52.47039,
  "COG": 149.5,
  "SOG": 0,
  "HEADING": 81,
  "ROT": 0,
  "NAVSTAT": 0,
  "IMO": 0,
  "NAME": "LILLE OE",
  "CALLSIGN": "DH8613",
  "TYPE": 36,
  "A": 9,
  "B": 1,
  "C": 2,
  "D": 2,
  "DRAUGHT": 0,
  "DEST": "",
  "ETA": "00-00 00:00"
}