{
  "MMSI": 211692440,
  "TIME": "2022-12-11 12:22:00 GMT",
  "LONGITUDE": 13.18584,
  "LATITUDE": 52.46439,
  "COG": 209.6,
  "SOG": 4.2,
  "HEADING": 206,
  "ROT": 128,
  "NAVSTAT": 15,
  "IMO": 0,
  "NAME": "LILLE OE",
  "CALLSIGN": "DH8613",
  "TYPE": 36,
  "A": 7,
  "B": 3,
  "C": 2,
  "D": 1,
  "DRAUGHT": 0,
  "DEST": "",
  "ETA": "00-00 00:00"
}