{
  "MMSI": 211692440,
  "TIME": "2022-07-19 02:15:40 GMT",
  "LONGITUDE": 22.57282,
  "LATITUDE": 59.88896,
  "COG": 360,
  "SOG": 0,
  "HEADING": 152,
  "ROT": 128,
  "NAVSTAT": 15,
  "IMO": 0,
  "NAME": "LILLE OE",
  "CALLSIGN": "DH8613",
  "TYPE": 36,
  "A": 9,
  "B": 1,
  "C": 2,
  "D": 2,
  "DRAUGHT": 0,
  "DEST": "",
  "ETA": "00-00 00:00"
}