{
  "MMSI": 211692440,
  "TIME": "2022-08-24 12:29:01 GMT",
  "LONGITUDE": 18.40034,
  "LATITUDE": 59.23794,
  "COG": 161.8,
  "SOG": 0,
  "HEADING": 355,
  "ROT": 128,
  "NAVSTAT": 15,
  "IMO": 0,
  "NAME": "LILLE OE",
  "CALLSIGN": "DH8613",
  "TYPE": 36,
  "A": 9,
  "B": 1,
  "C": 2,
  "D": 2,
  "DRAUGHT": 0,
  "DEST": "",
  "ETA": "00-00 00:00"
}