{
  "MMSI": 211692440,
  "TIME": "2023-08-22 17:52:46 GMT",
  "LONGITUDE": 16.60993,
  "LATITUDE": 56.92151,
  "COG": 198.8,
  "SOG": 5.2,
  "HEADING": 199,
  "ROT": 128,
  "NAVSTAT": 15,
  "IMO": 0,
  "NAME": "LILLE OE",
  "CALLSIGN": "DH8613",
  "TYPE": 36,
  "A": 9,
  "B": 1,
  "C": 2,
  "D": 2,
  "DRAUGHT": 0,
  "DEST": "",
  "ETA": "00-00 00:00"
}