{
  "MMSI": 211692440,
  "TIME": "2022-06-26 06:24:51 GMT",
  "LONGITUDE": 24.72537,
  "LATITUDE": 60.13592,
  "COG": 360,
  "SOG": 0,
  "HEADING": 318,
  "ROT": 128,
  "NAVSTAT": 15,
  "IMO": 0,
  "NAME": "LILLE OE",
  "CALLSIGN": "DH8613",
  "TYPE": 36,
  "A": 9,
  "B": 1,
  "C": 2,
  "D": 2,
  "DRAUGHT": 0,
  "DEST": "",
  "ETA": "00-00 00:00"
}