{
  "MMSI": 211692440,
  "TIME": "2022-06-25 12:35:51 GMT",
  "LONGITUDE": 24.72541,
  "LATITUDE": 60.13593,
  "COG": 360,
  "SOG": 0,
  "HEADING": 319,
  "ROT": 128,
  "NAVSTAT": 15,
  "IMO": 0,
  "NAME": "LILLE OE",
  "CALLSIGN": "DH8613",
  "TYPE": 36,
  "A": 9,
  "B": 1,
  "C": 2,
  "D": 2,
  "DRAUGHT": 0,
  "DEST": "",
  "ETA": "00-00 00:00"
}