{
  "MMSI": 211692440,
  "TIME": "2022-06-23 18:29:45 GMT",
  "LONGITUDE": 24.72536,
  "LATITUDE": 60.13589,
  "COG": 360,
  "SOG": 0.1,
  "HEADING": 319,
  "ROT": 128,
  "NAVSTAT": 15,
  "IMO": 0,
  "NAME": "LILLE OE",
  "CALLSIGN": "DH8613",
  "TYPE": 36,
  "A": 7,
  "B": 3,
  "C": 2,
  "D": 1,
  "DRAUGHT": 0,
  "DEST": "",
  "ETA": "00-00 00:00"
}