{
  "MMSI": 211692440,
  "TIME": "2022-05-16 06:34:26 GMT",
  "LONGITUDE": 16.50726,
  "LATITUDE": 57.23494,
  "COG": 360,
  "SOG": 0.1,
  "HEADING": 359,
  "ROT": 128,
  "NAVSTAT": 15,
  "IMO": 0,
  "NAME": "LILLE OE",
  "CALLSIGN": "DH8613",
  "TYPE": 36,
  "A": 7,
  "B": 3,
  "C": 2,
  "D": 1,
  "DRAUGHT": 0,
  "DEST": "",
  "ETA": "00-00 00:00"
}