{
  "MMSI": 211692440,
  "TIME": "2022-05-04 18:29:08 GMT",
  "LONGITUDE": 15.15809,
  "LATITUDE": 56.13824,
  "COG": 112.5,
  "SOG": 4.2,
  "HEADING": 102,
  "ROT": 128,
  "NAVSTAT": 15,
  "IMO": 0,
  "NAME": "LILLE OE",
  "CALLSIGN": "DH8613",
  "TYPE": 36,
  "A": 9,
  "B": 1,
  "C": 2,
  "D": 2,
  "DRAUGHT": 0,
  "DEST": "",
  "ETA": "00-00 00:00"
}