{
  "MMSI": 211692440,
  "TIME": "2023-05-07 17:58:22 GMT",
  "LONGITUDE": 17.39296,
  "LATITUDE": 58.74299,
  "COG": 360,
  "SOG": 0,
  "HEADING": 158,
  "ROT": 128,
  "NAVSTAT": 15,
  "IMO": 0,
  "NAME": "LILLE OE",
  "CALLSIGN": "DH8613",
  "TYPE": 36,
  "A": 9,
  "B": 1,
  "C": 2,
  "D": 2,
  "DRAUGHT": 0,
  "DEST": "",
  "ETA": "00-00 00:00"
}