{
  "MMSI": 211692440,
  "TIME": "2022-08-19 16:21:19 GMT",
  "LONGITUDE": 19.81311,
  "LATITUDE": 59.87955,
  "COG": 242.8,
  "SOG": 4.3,
  "HEADING": 233,
  "ROT": 128,
  "NAVSTAT": 15,
  "IMO": 0,
  "NAME": "LILLE OE",
  "CALLSIGN": "DH8613",
  "TYPE": 36,
  "A": 7,
  "B": 3,
  "C": 2,
  "D": 1,
  "DRAUGHT": 0,
  "DEST": "",
  "ETA": "00-00 00:00"
}