{
  "MMSI": 211692440,
  "TIME": "2022-12-06 04:13:47 GMT",
  "LONGITUDE": 13.19327,
  "LATITUDE": 52.51117,
  "COG": 229.3,
  "SOG": 0,
  "HEADING": 108,
  "ROT": 128,
  "NAVSTAT": 15,
  "IMO": 0,
  "NAME": "LILLE OE",
  "CALLSIGN": "DH8613",
  "TYPE": 36,
  "A": 9,
  "B": 1,
  "C": 2,
  "D": 2,
  "DRAUGHT": 0,
  "DEST": "",
  "ETA": "00-00 00:00"
}