{
  "MMSI": 211692440,
  "TIME": "2022-09-06 05:30:05 GMT",
  "LONGITUDE": 16.82077,
  "LATITUDE": 57.95667,
  "COG": 165.7,
  "SOG": 0,
  "HEADING": 321,
  "ROT": 128,
  "NAVSTAT": 15,
  "IMO": 0,
  "NAME": "LILLE OE",
  "CALLSIGN": "DH8613",
  "TYPE": 36,
  "A": 9,
  "B": 1,
  "C": 2,
  "D": 2,
  "DRAUGHT": 0,
  "DEST": "",
  "ETA": "00-00 00:00"
}