{
  "MMSI": 211692440,
  "TIME": "2022-08-22 08:18:11 GMT",
  "LONGITUDE": 18.83536,
  "LATITUDE": 59.63755,
  "COG": 71.3,
  "SOG": 0,
  "HEADING": 170,
  "ROT": 128,
  "NAVSTAT": 15,
  "IMO": 0,
  "NAME": "LILLE OE",
  "CALLSIGN": "DH8613",
  "TYPE": 36,
  "A": 9,
  "B": 1,
  "C": 2,
  "D": 2,
  "DRAUGHT": 0,
  "DEST": "",
  "ETA": "00-00 00:00"
}