{
  "MMSI": 211692440,
  "TIME": "2022-04-24 01:51:48 GMT",
  "LONGITUDE": 14.62654,
  "LATITUDE": 53.39745,
  "COG": 360,
  "SOG": 0,
  "HEADING": 95,
  "ROT": 128,
  "NAVSTAT": 15,
  "IMO": 0,
  "NAME": "LILLE OE",
  "CALLSIGN": "DH8613",
  "TYPE": 36,
  "A": 9,
  "B": 1,
  "C": 2,
  "D": 2,
  "DRAUGHT": 0,
  "DEST": "",
  "ETA": "00-00 00:00"
}