{
  "MMSI": 211692440,
  "TIME": "2023-03-20 16:21:14 GMT",
  "LONGITUDE": 13.19137,
  "LATITUDE": 52.50957,
  "COG": 168.1,
  "SOG": 2.7,
  "HEADING": 161,
  "ROT": 128,
  "NAVSTAT": 15,
  "IMO": 0,
  "NAME": "LILLE OE",
  "CALLSIGN": "DH8613",
  "TYPE": 36,
  "A": 7,
  "B": 3,
  "C": 2,
  "D": 1,
  "DRAUGHT": 0,
  "DEST": "",
  "ETA": "00-00 00:00"
}