{
  "MMSI": 211692440,
  "TIME": "2022-04-20 02:09:30 GMT",
  "LONGITUDE": 13.60923,
  "LATITUDE": 52.85082,
  "COG": 217.2,
  "SOG": 0,
  "HEADING": 263,
  "ROT": 128,
  "NAVSTAT": 15,
  "IMO": 0,
  "NAME": "LILLE OE",
  "CALLSIGN": "DH8613",
  "TYPE": 36,
  "A": 9,
  "B": 1,
  "C": 2,
  "D": 2,
  "DRAUGHT": 0,
  "DEST": "",
  "ETA": "00-00 00:00"
}