{
  "MMSI": 211692440,
  "TIME": "2022-07-24 02:28:42 GMT",
  "LONGITUDE": 22.15329,
  "LATITUDE": 60.08498,
  "COG": 14.3,
  "SOG": 0,
  "HEADING": 151,
  "ROT": 128,
  "NAVSTAT": 15,
  "IMO": 0,
  "NAME": "LILLE OE",
  "CALLSIGN": "DH8613",
  "TYPE": 36,
  "A": 9,
  "B": 1,
  "C": 2,
  "D": 2,
  "DRAUGHT": 0,
  "DEST": "",
  "ETA": "00-00 00:00"
}