{
  "MMSI": 211692440,
  "TIME": "2022-08-24 05:09:54 GMT",
  "LONGITUDE": 18.40033,
  "LATITUDE": 59.23799,
  "COG": 360,
  "SOG": 0.1,
  "HEADING": 2,
  "ROT": 128,
  "NAVSTAT": 15,
  "IMO": 0,
  "NAME": "LILLE OE",
  "CALLSIGN": "DH8613",
  "TYPE": 36,
  "A": 9,
  "B": 1,
  "C": 2,
  "D": 2,
  "DRAUGHT": 0,
  "DEST": "",
  "ETA": "00-00 00:00"
}